symbol,yahoo,status,days,last_close,from,to
4SI,4SI.JO,OK,1249,69.0,2021-05-17,2026-05-15
ACL,ACL.JO,OK,1249,129.0,2021-05-17,2026-05-15
ACS,ACS.JO,OK,1248,1085.0,2021-05-17,2026-05-14
ACT,ACT.JO,OK,1249,120.0,2021-05-17,2026-05-15
ADH,ADH.JO,OK,1249,4357.0,2021-05-17,2026-05-15
ADR,ADR.JO,OK,1249,644.0,2021-05-17,2026-05-15
AEG,AEG.JO,OK,1249,440.0,2021-05-17,2026-05-15
AEL,AEL.JO,OK,1249,2150.0,2021-05-17,2026-05-15
AFE,AFE.JO,OK,1249,11404.0,2021-05-17,2026-05-15
AFH,AFH.JO,OK,1249,781.0,2021-05-17,2026-05-15
AFT,AFT.JO,OK,1249,3180.0,2021-05-17,2026-05-15
AME,AME.JO,OK,1248,4011.0,2021-05-17,2026-05-14
ANI,ANI.JO,OK,1103,480.0,2021-12-10,2026-05-14
AOO,AOO.JO,OK,1248,20.0,2021-05-17,2026-05-14
APF,APF.JO,OK,1249,50.0,2021-05-17,2026-05-15
APH,APH.JO,OK,1249,1700.0,2021-05-17,2026-05-15
ARI,ARI.JO,OK,1249,20500.0,2021-05-17,2026-05-15
ARL,ARL.JO,OK,1249,23655.0,2021-05-17,2026-05-15
ART,ART.JO,OK,1249,3760.0,2021-05-17,2026-05-15
ATT,ATT.JO,OK,1249,1697.0,2021-05-17,2026-05-15
AXX,AXX.JO,OK,161,210.0,2025-09-22,2026-05-15
BAC,BAC.JO,OK,395,500.0,2024-10-14,2026-05-14
BAT,BAT.JO,OK,1249,230.0,2021-05-17,2026-05-15
BCF,BCF.JO,OK,1248,1330.0,2021-05-17,2026-05-14
BEL,BEL.JO,OK,1249,4114.0,2021-05-17,2026-05-15
BIK,BIK.JO,OK,1248,12.0,2021-05-17,2026-05-14
BLU,BLU.JO,OK,1249,842.0,2021-05-17,2026-05-15
BOX,BOX.JO,OK,363,8652.0,2024-11-28,2026-05-15
BRN,BRN.JO,OK,1249,477.0,2021-05-17,2026-05-15
BTN,BTN.JO,OK,1249,960.0,2021-05-17,2026-05-15
BWN,BWN.JO,OK,1249,384.0,2021-05-17,2026-05-15
BYI,BYI.JO,OK,1249,7785.0,2021-05-17,2026-05-15
CAA,CAA.JO,OK,971,1436.0,2022-06-27,2026-05-15
CAT,CAT.JO,OK,1249,1245.0,2021-05-17,2026-05-15
CCC,CCC.JO,OK,469,90.0,2024-06-27,2026-05-14
CCD,CCD.JO,OK,114,2574.0,2025-11-27,2026-05-15
CFR,CFR.JO,OK,767,330500.0,2023-04-19,2026-05-15
CGR,CGR.JO,OK,1249,428.0,2021-05-17,2026-05-15
CHP,CHP.JO,OK,1249,165.0,2021-05-17,2026-05-15
CKS,CKS.JO,OK,1248,1900.0,2021-05-17,2026-05-14
CLI,CLI.JO,OK,1249,1920.0,2021-05-17,2026-05-15
CLS,CLS.JO,OK,1249,24896.0,2021-05-17,2026-05-15
CMH,CMH.JO,OK,1249,3750.0,2021-05-17,2026-05-15
CML,CML.JO,OK,1249,4491.0,2021-05-17,2026-05-15
CPP,CPP.JO,OK,729,1150.0,2023-06-05,2026-05-15
CPR,CPR.JO,OK,758,49.0,2023-04-21,2026-05-15
CSB,CSB.JO,OK,1249,12550.0,2021-05-17,2026-05-15
DIB,DIB.JO,OK,1249,711.0,2021-05-17,2026-05-15
DLT,DLT.JO,OK,1249,34.0,2021-05-17,2026-05-15
DNB,DNB.JO,OK,1249,254.0,2021-05-17,2026-05-15
DRD,DRD.JO,OK,1249,4449.0,2021-05-17,2026-05-15
DTC,DTC.JO,OK,1249,7560.0,2021-05-17,2026-05-15
EMH,EMH.JO,OK,1249,227.0,2021-05-17,2026-05-15
EMI,EMI.JO,OK,1249,1524.0,2021-05-17,2026-05-15
EMN,EMN.JO,OK,1249,210.0,2021-05-17,2026-05-15
ENX,ENX.JO,OK,1248,400.0,2021-05-17,2026-05-14
EPE,EPE.JO,OK,1249,608.0,2021-05-17,2026-05-15
EPS,EPS.JO,OK,1249,457.0,2021-05-17,2026-05-15
EQU,EQU.JO,OK,1249,1814.0,2021-05-17,2026-05-15
EUZ,EUZ.JO,OK,1249,24.0,2021-05-17,2026-05-15
FBR,FBR.JO,OK,1249,4948.0,2021-05-17,2026-05-15
FFB,FFB.JO,OK,1249,2586.0,2021-05-17,2026-05-15
FGL,FGL.JO,OK,1249,114.0,2021-05-17,2026-05-15
FTA,FTA.JO,OK,1071,1810.0,2022-01-28,2026-05-15
FTB,FTB.JO,OK,1073,676.0,2022-01-26,2026-05-15
FTH,FTH.JO,OK,1249,601.0,2021-05-17,2026-05-15
GCT,GCT.JO,OK,235,1514.0,2025-06-09,2026-05-15
GML,GML.JO,OK,1249,82.0,2021-05-17,2026-05-15
GND,GND.JO,OK,1249,2381.0,2021-05-17,2026-05-15
GNDP,GNDP.JO,OK,1249,10051.0,2021-05-17,2026-05-15
GPL,GPL.JO,OK,1249,210.0,2021-05-17,2026-05-15
GRSP,GRSP.JO,OK,443,619.0,2024-08-05,2026-05-15
HCI,HCI.JO,OK,1249,16513.0,2021-05-17,2026-05-15
HDC,HDC.JO,OK,1249,19250.0,2021-05-17,2026-05-15
HLM,HLM.JO,OK,1249,175.0,2021-05-17,2026-05-15
HMN,HMN.JO,OK,1249,7005.0,2021-05-17,2026-05-15
HUG,HUG.JO,OK,1249,149.0,2021-05-17,2026-05-15
HYP,HYP.JO,OK,1249,5626.0,2021-05-17,2026-05-15
INPPR,INPPR.JO,OK,1248,8700.0,2021-05-17,2026-05-14
INPR,INPR.JO,OK,1249,9459.0,2021-05-17,2026-05-15
IOC,IOC.JO,OK,1249,414.0,2021-05-17,2026-05-15
ISA,ISA.JO,OK,1249,210.0,2021-05-17,2026-05-15
ISB,ISB.JO,OK,1248,70.0,2021-05-17,2026-05-14
ISO,ISO.JO,OK,179,9637.0,2025-08-27,2026-05-15
ITE,ITE.JO,OK,1249,797.0,2021-05-17,2026-05-15
IVT,IVT.JO,OK,1249,3650.0,2021-05-17,2026-05-15
JBL,JBL.JO,OK,1249,65.0,2021-05-17,2026-05-15
JSE,JSE.JO,OK,1249,15629.0,2021-05-17,2026-05-15
KAL,KAL.JO,OK,1249,4470.0,2021-05-17,2026-05-15
KAP,KAP.JO,OK,1249,244.0,2021-05-17,2026-05-15
KP2,KP2.JO,OK,1249,73.0,2021-05-17,2026-05-15
KRO,KRO.JO,OK,1249,75435.0,2021-05-17,2026-05-15
KST,KST.JO,OK,1249,2681.0,2021-05-17,2026-05-15
LAB,LAB.JO,OK,1249,3.0,2021-05-17,2026-05-15
LBR,LBR.JO,OK,1248,425.0,2021-05-17,2026-05-14
LEW,LEW.JO,OK,1249,8263.0,2021-05-17,2026-05-15
LHC,LHC.JO,OK,1249,1110.0,2021-05-17,2026-05-15
LSK,LSK.JO,OK,1249,7960.0,2021-05-17,2026-05-15
LTE,LTE.JO,OK,1249,753.0,2021-05-17,2026-05-15
MCZ,MCZ.JO,OK,1249,350.0,2021-05-17,2026-05-15
MDI,MDI.JO,OK,1249,1720.0,2021-05-17,2026-05-15
MHB,MHB.JO,OK,1248,580.0,2021-05-17,2026-05-14
MKR,MKR.JO,OK,1249,2757.0,2021-05-17,2026-05-15
MMP,MMP.JO,OK,1248,3146.0,2021-05-17,2026-05-14
MNP,MNP.JO,OK,1249,16783.0,2021-05-17,2026-05-15
MPT,MPT.JO,OK,1249,2170.0,2021-05-17,2026-05-15
MRF,MRF.JO,OK,1249,124.0,2021-05-17,2026-05-15
MSP,MSP.JO,OK,1249,2118.0,2021-05-17,2026-05-15
MST,MST.JO,OK,1249,1400.0,2021-05-17,2026-05-15
MTA,MTA.JO,OK,1249,496.0,2021-05-17,2026-05-15
MTH,MTH.JO,OK,1249,10100.0,2021-05-17,2026-05-15
MTM,MTM.JO,OK,1249,3676.0,2021-05-17,2026-05-15
MTU,MTU.JO,OK,1249,37.0,2021-05-17,2026-05-15
N91,N91.JO,OK,1249,4846.0,2021-05-17,2026-05-15
NCS,NCS.JO,OK,1248,250.0,2021-05-17,2026-05-14
NPH,NPH.JO,OK,1163,33474.0,2021-09-16,2026-05-15
NPK,NPK.JO,OK,1249,48500.0,2021-05-17,2026-05-15
NRL,NRL.JO,OK,1249,480.0,2021-05-17,2026-05-15
NTU,NTU.JO,OK,295,100.0,2025-03-10,2026-05-15
NVS,NVS.JO,OK,1249,541.0,2021-05-17,2026-05-15
NWL,NWL.JO,OK,1248,3050.0,2021-05-17,2026-05-14
NY1,NY1.JO,OK,1249,4646.0,2021-05-17,2026-05-15
OAO,OAO.JO,OK,1249,15.0,2021-05-17,2026-05-15
OAS,OAS.JO,OK,1249,2870.0,2021-05-17,2026-05-15
OCE,OCE.JO,OK,1249,5320.0,2021-05-17,2026-05-15
OCT,OCT.JO,OK,1249,1682.0,2021-05-17,2026-05-15
OMN,OMN.JO,OK,1249,9727.0,2021-05-17,2026-05-15
OPA,OPA.JO,OK,131,1700.0,2025-11-04,2026-05-15
ORN,ORN.JO,OK,1249,33.0,2021-05-17,2026-05-15
OUT,OUT.JO,OK,1249,6975.0,2021-05-17,2026-05-15
PAN,PAN.JO,OK,1249,3087.0,2021-05-17,2026-05-15
PBT,PBT.JO,OK,131,660.0,2025-11-03,2026-05-14
PHP,PHP.JO,OK,636,2015.0,2023-10-26,2026-05-15
PMR,PMR.JO,OK,783,17664.0,2023-03-24,2026-05-15
PMV,PMV.JO,OK,1249,275.0,2021-05-17,2026-05-15
PPC,PPC.JO,OK,1249,668.0,2021-05-17,2026-05-15
PPE,PPE.JO,OK,1249,185.0,2021-05-17,2026-05-15
PPH,PPH.JO,OK,1249,2188.0,2021-05-17,2026-05-15
PPR,PPR.JO,OK,1248,580.0,2021-05-17,2026-05-14
PWR,PWR.JO,OK,529,5400.0,2024-04-02,2026-05-14
QFH,QFH.JO,OK,1248,951.0,2021-05-17,2026-05-14
QLT,QLT.JO,OK,1249,3993.0,2021-05-17,2026-05-15
RBO,RBO.JO,OK,472,600.0,2024-06-26,2026-05-15
RBX,RBX.JO,OK,1249,5000.0,2021-05-17,2026-05-15
RCL,RCL.JO,OK,1249,858.0,2021-05-17,2026-05-15
RDF,RDF.JO,OK,1249,622.0,2021-05-17,2026-05-15
REM,REM.JO,OK,1249,18700.0,2021-05-17,2026-05-15
RES,RES.JO,OK,1249,8369.0,2021-05-17,2026-05-15
RHB,RHB.JO,OK,1248,170.0,2021-05-17,2026-05-14
RLO,RLO.JO,OK,1249,6101.0,2021-05-17,2026-05-15
RMH,RMH.JO,OK,1249,48.0,2021-05-17,2026-05-15
RNG,RNG.JO,OK,1248,101.0,2021-05-17,2026-05-15
RNI,RNI.JO,OK,1249,57142.0,2021-05-17,2026-05-15
S32,S32.JO,OK,1249,4925.0,2021-05-17,2026-05-15
SAC,SAC.JO,OK,1249,339.0,2021-05-17,2026-05-15
SAP,SAP.JO,OK,1249,1486.0,2021-05-17,2026-05-15
SBP,SBP.JO,OK,1249,15700.0,2021-05-17,2026-05-15
SCD,SCD.JO,OK,1248,199400.0,2021-05-17,2026-05-14
SDL,SDL.JO,OK,981,1841.0,2022-06-09,2026-05-14
SDO,SDO.JO,OK,1249,1192.0,2021-05-17,2026-05-15
SEA,SEA.JO,OK,1249,1300.0,2021-05-17,2026-05-15
SEP,SEP.JO,OK,1249,203.0,2021-05-17,2026-05-15
SHC,SHC.JO,OK,690,2857.0,2023-08-02,2026-05-15
SHG,SHG.JO,OK,1249,822.0,2021-05-17,2026-05-15
SKA,SKA.JO,OK,247,64.0,2025-05-21,2026-05-14
SNT,SNT.JO,OK,1249,38300.0,2021-05-17,2026-05-15
SNV,SNV.JO,OK,1249,768.0,2021-05-17,2026-05-15
SOH,SOH.JO,OK,1248,95.0,2021-05-17,2026-05-14
SOLBE1,SOLBE1.JO,OK,1248,10000.0,2021-05-17,2026-05-14
SPG,SPG.JO,OK,1249,1633.0,2021-05-17,2026-05-15
SRE,SRE.JO,OK,1249,2190.0,2021-05-17,2026-05-15
SRI,SRI.JO,OK,352,1772.0,2024-12-13,2026-05-15
SSK,SSK.JO,OK,1249,720.0,2021-05-17,2026-05-15
SSS,SSS.JO,OK,1249,1771.0,2021-05-17,2026-05-15
SSU,SSU.JO,OK,1249,1020.0,2021-05-17,2026-05-15
SUI,SUI.JO,OK,1249,4719.0,2021-05-17,2026-05-15
SUR,SUR.JO,OK,1249,4200.0,2021-05-17,2026-05-15
SYG,SYG.JO,OK,1249,3200.0,2021-05-17,2026-05-15
SZK,SZK.JO,OK,1239,3400.0,2021-05-28,2026-05-14
TEX,TEX.JO,OK,1248,261.0,2021-05-17,2026-05-14
TGA,TGA.JO,OK,1234,12923.0,2021-06-07,2026-05-15
THA,THA.JO,OK,1249,2893.0,2021-05-17,2026-05-15
TKG,TKG.JO,OK,1249,5700.0,2021-05-17,2026-05-15
TLM,TLM.JO,OK,1248,1.2999999523162842,2021-05-17,2026-05-14
TMT,TMT.JO,OK,1249,107.0,2021-05-17,2026-05-15
TPC,TPC.JO,OK,1249,4000.0,2021-05-17,2026-05-15
TRL,TRL.JO,OK,1249,127.0,2021-05-17,2026-05-15
TSG,TSG.JO,OK,1249,695.0,2021-05-17,2026-05-15
UPL,UPL.JO,OK,1248,1525.0,2021-05-17,2026-05-14
VAL,VAL.JO,OK,1249,135800.0,2021-05-17,2026-05-15
VIS,VIS.JO,OK,1248,3.0,2021-05-17,2026-05-14
VKE,VKE.JO,OK,1249,2349.0,2021-05-17,2026-05-15
VUN,VUN.JO,OK,1248,204.0,2021-05-17,2026-05-14
WBC,WBC.JO,OK,523,3513.0,2024-04-11,2026-05-15
WBO,WBO.JO,OK,1249,16792.0,2021-05-17,2026-05-15
WVR,WVR.JO,OK,1249,6499.0,2021-05-17,2026-05-15
XII,XII.JO,OK,1248,35.0,2021-05-17,2026-05-15
YRK,YRK.JO,OK,1249,191.0,2021-05-17,2026-05-15
YYLBEE,YYLBEE.JO,OK,1249,5400.0,2021-05-17,2026-05-15
ZED,ZED.JO,OK,1249,130.0,2021-05-17,2026-05-15
ZZD,ZZD.JO,OK,851,1450.0,2022-12-13,2026-05-15
