Symbol,Description,Price,Price - Currency,Price change % 1 day,Volume 1 day,Relative volume 1 day,Market capitalization,Market capitalization - Currency,Price to earnings ratio,"Earnings per share diluted, Trailing 12 months","Earnings per share diluted, Trailing 12 months - Currency","Earnings per share diluted growth %, TTM YoY","Dividend yield %, Trailing 12 months",Sector,Analyst rating
BHG,BHP Group Ltd,70265,ZAC,-3.838784726974134,443688,1.29567131285103,3775377415244.6006,ZAR,20.258822203138624,34.683655,ZAR,-13.276996753056435,3.15459555269094,Non-energy minerals,Neutral
ANH,Anheuser-Busch InBev SA/NV,133707,ZAC,-0.12026772641706757,97942,0.26579838434573383,2675174742319.765,ZAR,22.65636170936794,59.01521246666666,ZAR,13.24407422969328,1.1552812858783,Consumer non-durables,Buy
BTI,British American Tobacco p.l.c.,108984,ZAC,-0.16671857538061302,126451,0.32192717909498575,2385331821843.015,ZAR,13.903355604420907,78.386832,ZAR,144.64536760022938,4.8415961305925,Consumer non-durables,Buy
CFR,Compagnie Financiere Richemont SA,328291,ZAC,-2.047715378602075,33143,0.29551594696530653,1943182583122.7266,ZAR,22.975246380207885,142.88900086956522,ZAR,226.95929230800925,1.9163206643245,Consumer durables,Buy
GLN,Glencore plc,12732,ZAC,-3.4210725934916177,813327,0.21079708120140447,1549011667348.4478,ZAR,268.7406423433261,0.47376533333333337,ZAR,,1.25200537002853,Distribution services,Buy
PRX,Prosus N.V. Class N,76368,ZAC,1.4951556955464296,650558,0.44840423335812113,1492547748436.5308,ZAR,7.091791680110703,107.68505822608695,ZAR,91.40932734065159,0.516528925619835,Technology services,Strong buy
AGL,Anglo American plc,84065,ZAC,-6.3154727410511295,582616,0.5262062196661871,974419683549.418,ZAR,,-62.12837333333333,ZAR,-16.88653215790171,0.422003445729756,Non-energy minerals,Buy
ANG,Anglogold Ashanti PLC,158759,ZAC,-4.943837716146956,308263,0.30768274111852456,854827744676.617,ZAR,13.671263239738286,116.12606473594549,ZAR,,3.49270108748898,Non-energy minerals,Buy
NPN,Naspers Limited Class N,86489,ZAC,1.275175644028103,786474,0.460244719007344,653812589535,ZAR,6.884510190370967,125.6284,ZAR,85.42800422137105,0.594847775175644,Technology services,Strong buy
GFI,Gold Fields Limited,68648,ZAC,-5.780949766675817,873745,0.4880739461257125,652114632824,ZAR,9.854454156432713,69.6619,ZAR,177.8418586100309,3.49986275048037,Non-energy minerals,Buy
CPI,Capitec Bank Holdings Limited,429384,ZAC,-0.9305126471735073,54962,0.2548831109447815,503196459974,ZAR,29.530757078808247,145.4023,ZAR,22.47498315363881,1.62545539284338,Finance,Buy
FSR,FirstRand Limited,8784,ZAC,-1.8547486033519553,3401340,0.22965427677970113,501924696533,ZAR,11.181689728477412,7.8557,ZAR,10.673278764739862,5.6536312849162,Finance,Buy
SBK,Standard Bank Group Limited,30265,ZAC,-1.8039648291749133,799255,0.2611488628733135,499033136045,ZAR,10.130204846699693,29.876,ZAR,14.123749933151514,5.49949709613575,Finance,Neutral
VAL,Valterra Platinum Limited,136965,ZAC,-6.549357277366884,353612,0.5848911983808855,384891031861,ZAR,23.438823583770713,58.4351,ZAR,118.21566474722351,1.70573947217598,Non-energy minerals,Buy
MTN,MTN Group Limited,20794,ZAC,-1.1410097936673957,1286171,0.3344539257356163,368561300314,ZAR,18.883551131977807,11.0117,ZAR,,2.37710373680707,Communications,Buy
VOD,Vodacom Group Limited,15352,ZAC,-1.7534877767822858,707219,0.33400866887897385,302229223081,ZAR,15.133920209777113,10.1441,ZAR,20.076941287878782,4.25572763343146,Communications,Neutral
INL,Investec Limited,12987,ZAC,-1.5166451808599377,103444,0.12047242838171279,244589595686,ZAR,7.399831342875376,17.5504,ZAR,3.084838944623253,6.67323879578373,Finance,No rating
INPR,Investec Limited Non-Red.Non-Cum.Non-Ptg.Prf.Shs,9397,ZAC,-0.7918074324324325,3006,0.15063818272020688,244589595686,ZAR,5.354293919226913,17.5504,ZAR,3.084838944623253,6.67323879578373,Finance,No rating
S32,South32 Ltd.,4926,ZAC,-6.385404789053592,1785572,0.7872714690038742,237893970308.51544,ZAR,44.92418018615051,1.0965141666666667,ZAR,85.71082397958125,2.24153153153153,Non-energy minerals,Buy
IMP,Impala Platinum Holdings Limited,24322,ZAC,-6.880049006470386,719871,0.23950526114344864,235356854122,ZAR,26.67441681929349,9.1181,ZAR,,2.20146253685057,Non-energy minerals,Buy
ABG,Absa Group Limited,23032,ZAC,-1.4758095564015912,1605444,0.5418538020360644,193808103571,ZAR,8.686502204437538,26.5147,ZAR,2.183195751535757,6.9940539846858,Finance,Buy
HAR,Harmony Gold Mining Co. Ltd.,27140,ZAC,-4.9985998319798375,910717,0.22912249834513848,180223361097,ZAR,10.546604801541964,25.7334,ZAR,54.32323838080959,2.39778773452814,Non-energy minerals,Buy
DSY,Discovery Limited,26618,ZAC,0.15426872859991722,388947,0.23516703972022795,179003403413,ZAR,16.5996270727707,16.0353,ZAR,31.012704767351607,1.1739473981262,Finance,Buy
SLM,Sanlam Limited,8549,ZAC,-1.6225546605293442,1168509,0.28563964527471575,171614815953,ZAR,11.33774518255242,7.5403,ZAR,-28.44182095982842,5.58112773302647,Finance,Buy
SHP,Shoprite Holdings Limited,29457,ZAC,0.7938408896492728,418741,0.31708558200747694,160203819107,ZAR,21.087256874100696,13.9691,ZAR,14.97201646090534,2.74764756201882,Retail trade,Buy
SSW,Sibanye Stillwater Limited,5132,ZAC,-5.173688100517369,3476084,0.37080007591617403,153190290522,ZAR,,-1.8268,ZAR,30.442066785972667,2.42054693274206,Non-energy minerals,Buy
NPH,Northam Platinum Holdings Limited,33915,ZAC,-6.343201148790456,1026474,0.6610991668715814,142575531522,ZAR,14.786024449366094,22.9372,ZAR,496.56167910738907,2.4853639677455,Non-energy minerals,Buy
BID,Bid Corporation Limited,41328,ZAC,-0.5079563783432437,441933,0.4943594211225047,139393304950,ZAR,15.818482454528754,26.1264,ZAR,10.686793284160673,2.92496208382484,Consumer services,Neutral
SOL,Sasol Limited,22435,ZAC,3.755260602136614,986058,0.25286416574440357,137726858489,ZAR,60.50105172320803,3.7082,ZAR,,0,Process industries,Neutral
SOLBE1,BEE - Sasol Limited,10000,ZAC,0,13,0.02603123748498198,137726858489,ZAR,26.96726174424249,3.7082,ZAR,,0,Process industries,No rating
NED,Nedbank Group,25530,ZAC,-1.3295199814485583,298329,0.17127387647537126,117409121592,ZAR,15.566408750846,16.4007,ZAR,-53.367623726905165,8.23993197804746,Finance,Buy
INPPR,Investec PLC Pref. (Rand),8700,ZAC,0,3404,3.0263157894736845,112938192638.85075,ZAR,5.008134050644294,17.371739478260867,ZAR,3.4485536963147885,6.14754098360656,Finance,No rating
INP,Investec plc,13249,ZAC,-1.764662267368577,511230,0.29361067269597635,112938192638.85075,ZAR,7.6267549467800295,17.371739478260867,ZAR,3.4485536963147885,6.14754098360656,Finance,Strong buy
OUT,OUTsurance Group Limited,6980,ZAC,-1.1191386881994618,403461,0.21473351629226506,109068213856,ZAR,21.643410852713178,3.225,ZAR,19.550711743772244,3.82065448363791,Finance,Buy
REM,Remgro Limited,18600,ZAC,-1.1269402509036786,501675,0.3794189918614126,106286633834,ZAR,21.48475852748548,8.6573,ZAR,-33.33564344237048,2.23793323410589,Finance,Neutral
RNI,Reinet Investments S.C.A.,56981,ZAC,-0.5341526000663327,122647,0.4836436510014606,105574146365,ZAR,44.29699768334965,12.8634,ZAR,-88.8029943638065,1.33146263550195,Finance,Neutral
KIO,Kumba Iron Ore Limited,31346,ZAC,-4.13480946846902,155393,0.720718673298443,104870775784,ZAR,6.899314382559124,45.4335,ZAR,-0.5733606153778827,9.79570615939813,Non-energy minerals,Neutral
NRP,NEPI Rockcastle N.V,14132,ZAC,0.2198425643571378,395584,0.2714784624666189,100449498932,ZAR,9.99264622694875,14.1424,ZAR,-18.578181043565365,7.86666761222608,Finance,Buy
N91,Ninety One Plc,4816,ZAC,-1.593788312219044,97941,0.20502363483473826,89210266385.77612,ZAR,11.313070305674323,4.257022956521739,ZAR,6.363617566658481,5.80235720761559,Finance,Buy
NY1,Ninety One Ltd.,4616,ZAC,-1.3253527148353996,46603,0.10069055010879713,89122811564,ZAR,10.745129076561373,4.2959,ZAR,5.8155574166214965,6.39162035057717,Finance,Neutral
PPH,Pepkor Holdings Ltd.,2173,ZAC,-1.4959202175883952,4911441,0.3775017448376372,81697425341,ZAR,14.292291502236255,1.5204,ZAR,226.75693101225013,2.40049410698096,Retail trade,Buy
BVT,Bidvest Group Limited,23200,ZAC,-0.3607627555402852,255949,0.36462978926609474,79139463943,ZAR,12.970458662253728,17.8868,ZAR,-7.09265905891764,4.07146538395465,Retail trade,Strong buy
MNP,Mondi plc,16704,ZAC,-1.9948368927481812,384918,0.5982654377593684,74936010644.52238,ZAR,23.61723786901934,7.0728,ZAR,-28.587477025980828,3.19463025868827,Process industries,Buy
PAN,Pan African Resources PLC,3084,ZAC,-6.743271847596008,2902558,0.4819268986710208,67221720038.597015,ZAR,15.077008116684182,2.0454986666666666,ZAR,157.4817510690393,1.46474530831099,Non-energy minerals,Buy
APN,Aspen Pharmacare Holdings Limited,13989,ZAC,-0.7309111552653987,1214046,0.7611577962645872,62602053480,ZAR,,-4.5055,ZAR,-144.6889971136393,1.49730343457281,Health technology,Buy
OMU,Old Mutual Ltd.,1282,ZAC,-0.23346303501945526,4191178,0.28402372654177843,57916269346,ZAR,6.7562582345191045,1.8975,ZAR,11.388318168476664,6.92607003891051,Finance,Neutral
CLS,Clicks Group Limited,24671,ZAC,-0.03646677471636953,400773,0.3566755598305712,57714408172,ZAR,17.46347471544255,14.1272,ZAR,12.090388307916907,3.58995137763371,Retail trade,Buy
GRT,Growthpoint Properties Limited,1646,ZAC,-0.6038647342995169,2150454,0.2731501445929404,56206489867,ZAR,10.88840378381954,1.5117,ZAR,42.31783091696479,7.82004830917874,Finance,Neutral
SHC,Shaftesbury Capital PLC,2834,ZAC,-0.9090909090909091,160773,0.8534169482672408,56186060143.343285,ZAR,7.027691518232651,4.032618666666667,ZAR,28.0539239467255,3.09597523219814,Finance,Buy
QLT,Quilter Plc,3987,ZAC,-1.066997518610422,659214,0.4654763942388348,53869196122.61194,ZAR,20.647475556537593,1.9309866666666664,ZAR,,3.47298787210584,Finance,Buy
PHP,Primary Health Properties PLC,2035,ZAC,-2.3512476007677545,53036,0.7637188887800889,53579412187.44776,ZAR,13.64946126548951,1.4909013333333334,ZAR,102.19989669306064,7.64262648008611,Finance,Strong buy
EXX,Exxaro Resources Limited,21007,ZAC,-0.9103773584905661,260343,0.28557992657541026,49638407715,ZAR,6.609820178405676,31.7815,ZAR,-0.5258298251928802,8.06132075471698,Energy minerals,Strong buy
MTM,Momentum Group Limited,3651,ZAC,-1.8020441097364175,228292,0.11652965487586503,46125130769,ZAR,8.159570901776735,4.4745,ZAR,23.724595603484037,5.37923614846692,Finance,Buy
WHL,Woolworths Holdings Limited,5043,ZAC,0.11911852293031568,733048,0.19908655942207515,45067163868,ZAR,26.253318756832734,1.9209,ZAR,-41.6175308491885,3.95076434385547,Retail trade,Buy
SNT,Santam Limited,38394,ZAC,-1.5689893862482696,17353,0.2147489047842982,43030398071,ZAR,10.4398756808053,36.7763,ZAR,10.698633435675148,4.30702968774035,Finance,Buy
RDF,Redefine Properties Limited,619,ZAC,-1.4331210191082804,4152233,0.37982296760675166,42968058877,ZAR,6.9285874188493395,0.8934,ZAR,39.137206042672474,7.29904458598726,Finance,Neutral
TBS,Tiger Brands Limited,28458,ZAC,-0.45125406653373906,57981,0.13902862914093395,41632029588,ZAR,11.620300613722392,24.4899,ZAR,27.825855481554168,5.75086577815091,Consumer non-durables,Buy
DRD,DRDGOLD Ltd.,4527,ZAC,-4.413006756756756,164271,0.11945607421749731,40631220992,ZAR,12.287606536018673,3.6842,ZAR,86.53232747708977,1.90033783783784,Non-energy minerals,Buy
ARI,African Rainbow Minerals Limited,20682,ZAC,-7.541687156332425,237043,0.5440731799463003,40285683363,ZAR,30.806583749162137,6.7135,ZAR,-60.349756080274986,4.91751978184094,Non-energy minerals,Buy
BOX,Boxer Retail Limited,8643,ZAC,-1.2228571428571429,252450,0.6765490077951202,40023148346,ZAR,25.40639054645933,3.4019,ZAR,13.563226064895176,0.517714285714286,Consumer services,Neutral
MRP,Mr Price Group Limited,15182,ZAC,-0.03292289458089155,370734,0.38241718930885593,39180221327,ZAR,10.82943391919653,14.0192,ZAR,10.198242387083587,6.03608349246066,Retail trade,Buy
HMN,Hammerson plc,7040,ZAC,-1.7857142857142856,161055,0.6001922940757786,37985907868.8209,ZAR,6.839860218129361,10.292608,ZAR,,5.11786600496278,Finance,Buy
SRE,Sirius Real Estate Limited,2163,ZAC,-2.479711451758341,476792,0.4033451476756127,34880677641.402985,ZAR,7.935273915530111,2.725803826086956,ZAR,39.85501566730328,5.47989924433249,Finance,Strong buy
KST,PSG Financial Services Limited,2674,ZAC,-0.4467609828741623,379986,0.6558164171049436,33080080989,ZAR,19.489795918367346,1.372,ZAR,37.36483780536645,2.04765450483991,Finance,Neutral
VKE,Vukile Property Fund Limited,2338,ZAC,-1.888375996642887,938740,0.6135483774405516,32625495231,ZAR,6.720515105349392,3.4789,ZAR,134.04870828848223,5.73629039026437,Finance,Buy
DCP,Dis-Chem Pharmacies Limited,3709,ZAC,0.37889039242219213,1303336,1.8211389929559791,31767422613,ZAR,25.76947127075662,1.4393,ZAR,16.34467706733489,1.54991339648173,Retail trade,Neutral
AVI,AVI Limited Class Y,9442,ZAC,-0.08465608465608467,255948,0.2681500050916945,31678267044,ZAR,12.336839354543672,7.6535,ZAR,7.874781530134746,6.88888888888889,Consumer non-durables,Strong buy
PMR,Premier Group Limited,17775,ZAC,-0.6983240223463687,33938,0.19404708063148493,29800234021,ZAR,17.322704193507516,10.2611,ZAR,26.799219020315373,2.40223463687151,Distribution services,Buy
TKG,Telkom SA SOC Ltd.,5700,ZAC,-3.225806451612903,234080,0.25850822597956874,28800033638,ZAR,3.531489111241907,16.1405,ZAR,303.44189766790805,2.76820373514431,Communications,Neutral
FFB,Fortress Real Estate Investments Limited Class B,2523,ZAC,0,1486175,0.4576139425385241,27701920451,ZAR,8.85884831460674,2.848,ZAR,23.231361689238877,6.90368608799049,Finance,Neutral
RES,Resilient REIT Limited,8306,ZAC,-0.8475587919302853,176349,0.18881635511166836,27313096455,ZAR,6.090067895531799,13.6386,ZAR,58.54781335007324,5.57478811030202,Finance,Neutral
ADH,ADvTECH Limited,4346,ZAC,-1.696448767247229,167597,0.41612239977813026,24211882311,ZAR,18.65236051502146,2.33,ZAR,16.511651165116515,2.66907939380231,Commercial services,No rating
PIK,Pick N Pay Stores Limited,2234,ZAC,0.6306306306306306,3020609,0.7116730812709106,23557263433,ZAR,,-0.551,ZAR,90.84748015016112,0,Retail trade,Sell
KRO,Karooooo Ltd.,75003,ZAC,4.097097888995295,1230,0.9349346305868046,22839693548.92206,ZAR,25.448247512370184,29.47275641025641,ZAR,-3.5574978670450035,2.80331912984974,Technology services,Strong buy
HYP,Hyprop Investments Limited,5577,ZAC,-0.8533333333333334,495640,0.6568478749916343,22788437462,ZAR,6.183543812575534,9.0191,ZAR,11.9356119840147,5.56889244444444,Finance,Neutral
SRI,Supermarket Income REIT Plc,1780,ZAC,-1.7117614577581448,12138,0.42975042751988896,22475523263.80597,ZAR,16.11291350443196,1.104704,ZAR,-16.765102766912804,7.57855822550832,Finance,Buy
APH,Alphamin Resources Corp.,1706,ZAC,-3.0681818181818183,2262,0.2778972197992555,21640512455.50746,ZAR,6.855085230645618,2.488663441226576,ZAR,73.17094636138054,7.85714285714286,Non-energy minerals,No rating
OPA,Channel VAS Investments Limited,1696,ZAC,-1.6811594202898552,1564977,0.6035826492854421,21304817775,ZAR,,,,,0,Finance,Strong buy
NTC,Netcare Limited,1648,ZAC,-1.7292784734645201,586635,0.28797406915334245,19983605021,ZAR,12.400300978179082,1.329,ZAR,22.173193601765014,5.0685748360167,Health services,Buy
TFG,Foschini Group Limited,5892,ZAC,-1.8163639393434425,1728624,0.5277606297135551,19408656057,ZAR,6.578903292801394,8.9559,ZAR,-1.6483637162310578,5.99900016663889,Retail trade,Buy
TRU,Truworths International Limited,5030,ZAC,-2.0066238067406976,629814,0.29223744037987615,18503041741,ZAR,6.726037655113394,7.4784,ZAR,-25.073639915840097,9.56555620494837,Retail trade,Neutral
TGA,Thungela Resources Limited,13012,ZAC,-0.09213759213759214,119745,0.19885613507171573,18297754942,ZAR,,-55.9729,ZAR,-311.8267931683059,9.98157248157248,Utilities,Neutral
BYI,Bytes Technology Group Plc,7671,ZAC,0.4189029977745778,834954,2.365877798938045,18165083213.179104,ZAR,17.123887593954677,4.479707051282051,ZAR,-13.327187228930828,2.92076344707924,Technology services,Buy
DTC,Datatec Limited,7533,ZAC,-0.9206892016309352,178260,0.33083551836465624,18068949871,ZAR,11.868412345795717,6.3471,ZAR,38.28405847621953,4.93226358016572,Technology services,No rating
CML,Coronation Fund Managers Limited,4474,ZAC,-1.3450937155457552,121741,0.3051786950220986,17557697271,ZAR,9.932510434242074,4.5044,ZAR,-28.56055319418892,10.0110253583241,Finance,Strong buy
MTH,Motus Holdings Limited,10092,ZAC,-2.0194174757281553,1093872,1.624021464533991,17537643845,ZAR,6.522539990305381,15.4725,ZAR,10.366497375028535,5.92233009708738,Distribution services,Buy
GCT,Greencoat Renewables Plc,1535,ZAC,5.065023956194388,420,0.0503313480412717,16273730757.39967,ZAR,,-0.92199035,ZAR,-174.89191638710517,8.8556566970091,Miscellaneous,Buy
LHC,Life Healthcare Group Holdings Limited,1116,ZAC,0.08968609865470852,1511689,0.4517946647793385,16214821613,ZAR,4.195804195804196,2.6598,ZAR,-19.914488739009993,5.02242152466368,Health services,Neutral
GNDP,Grindrod Ltd Cum.Non-Red.Non-Ptg.Non-Cnv.Pref.Shs,10150,ZAC,0,895,0.2797224653081635,16029320379,ZAR,32.758843273947846,3.0984,ZAR,558.6734693877551,1.67574361122748,Transportation,No rating
GND,Grindrod Limited,2341,ZAC,-1.9271051529116048,181210,0.09605396365851478,16029320379,ZAR,7.5555125225923065,3.0984,ZAR,558.6734693877551,1.67574361122748,Transportation,Neutral
LTE,Lighthouse Properties Plc,747,ZAC,-0.4,450906,0.2058112302970548,15842915039,ZAR,7.418073485600796,1.007,ZAR,49.14099526066349,7.28265333333333,Finance,Sell
OMN,Omnia Holdings Limited,9665,ZAC,-0.9733606557377049,428818,0.896407413446383,15511455348,ZAR,13.257887517146777,7.29,ZAR,2.238303601480985,4.09836065573771,Process industries,Buy
EQU,Equites Property Fund Ltd ZAR,1778,ZAC,-0.39215686274509803,1075650,0.8073046718972413,15481131886,ZAR,9.305003140046054,1.9108,ZAR,65.17980636237898,7.64487394957983,Finance,Neutral
WBC,We Buy Cars Holdings Ltd.,3507,ZAC,-3.067993366500829,753291,0.4409880099354328,15118999180,ZAR,15.847982285688463,2.2129,ZAR,169.0783073929961,1.65837479270315,Retail trade,Buy
FTA,Fairvest Limited Class A,1810,ZAC,0,10124,0.792150480423148,14959296074,ZAR,23.039714867617107,0.7856,ZAR,28.977179445082907,7.87692817679558,Finance,Neutral
FTB,Fairvest Limited Class B,673,ZAC,-0.7374631268436578,600482,0.3214824721217355,14959296074,ZAR,8.566700610997962,0.7856,ZAR,28.977179445082907,7.10115044247788,Finance,Neutral
MSP,MAS P.L.C.,2052,ZAC,-1.0607521697203472,6702055,10.659104839753713,14714901985,ZAR,11.274725274725276,1.82,ZAR,-53.13264491540699,0,Finance,No rating
JSE,JSE Limited,15523,ZAC,-1.6909436352121596,56214,0.42721454052435504,13635531603,ZAR,12.035292567007032,12.8979,ZAR,16.736810665508155,6.71944268524382,Finance,Sell
SSU,Southern Sun Limited,1017,ZAC,-0.7804878048780488,306324,0.2907543654111612,13482318481,ZAR,13.365751084242344,0.7609,ZAR,9.042705646317003,2.4390243902439,Consumer services,Buy
HCI,Hosken Consolidated Investments Limited,16349,ZAC,-1.065052950075643,47643,0.9125106060228803,13137160671,ZAR,2.1919780761970142,74.5856,ZAR,588.6816494616905,1.089258698941,Consumer services,No rating
ISO,"ASP Isotopes, Inc.",9701,ZAC,-4.79882237487733,3483,0.05703085855757612,12715621608.62355,ZAR,,-35.59666666666667,ZAR,-191.46710253217108,0,Health technology,Strong buy
SPP,Spar Group Limited,6130,ZAC,-0.6643979906011992,406408,0.7017108873377347,11881356557,ZAR,,-25.07,ZAR,-1472.0446584938707,0,Distribution services,Buy
ATT,Attacq Limited,1649,ZAC,-0.960960960960961,260078,0.31887204155569265,11651183769,ZAR,8.18321671381073,2.0151,ZAR,4.501374267489498,5.46546546546547,Finance,Neutral
SUI,Sun International Limited,4697,ZAC,-1.941544885177453,106360,0.26016123343233244,11452096904,ZAR,7.093665992086266,6.6214,ZAR,32.86912549664889,8.53862212943633,Consumer services,Buy
RLO,Reunert Limited,6290,ZAC,-11.408450704225352,1051590,4.325369959205566,11156405853,ZAR,11.275836724450103,5.5783,ZAR,-8.552459016393444,5.3943661971831,Consumer durables,Strong buy
WBO,Wilson Bayly Holmes-Ovcon Limited,16810,ZAC,-1.129278908363722,591628,2.9594066260359435,10936507719,ZAR,7.152643627296633,23.5018,ZAR,17.407442562183714,3.64662980825785,Industrial services,Buy
AFE,AECI Ltd,11288,ZAC,-1.2682585498119479,100342,0.3077340168732038,10907062287,ZAR,36.49531199482703,3.093,ZAR,,1.99422723694568,Process industries,Neutral
PPC,PPC Limited,662,ZAC,-1.7804154302670623,616150,0.20960689123094783,10343641189,ZAR,18.914285714285715,0.35,ZAR,409.4614264919942,2.61127596439169,Non-energy minerals,Neutral
SDO,Stadio Holdings Pty Ltd.,1181,ZAC,0,83584,0.21325691355114196,10017576963,ZAR,31.09531332280147,0.3798,ZAR,24.442988204456093,1.5580016934801,Commercial services,No rating
ITE,Italtile Limited,823,ZAC,0.3658536585365854,48543,0.06703124216791656,9976564001,ZAR,7.123074259996539,1.1554,ZAR,-7.759859492256103,5.60975609756098,Retail trade,Strong buy
SAC,SA Corporate Real Estate Ltd.,341,ZAC,-1.1594202898550725,607413,0.3610495439246541,9480461996,ZAR,15.794349235757295,0.2159,ZAR,-15.926791277258554,7.69817391304348,Finance,Neutral
RBX,Raubex Group Limited,5069,ZAC,-2.519230769230769,52381,0.14127683446678993,9403913879,ZAR,8.484960077668603,5.9741,ZAR,0.658803706823932,3.55769230769231,Industrial services,Strong buy
AFH,Alexander Forbes Group Holdings Limited,814,ZAC,-0.24509803921568626,102568,0.9726095593917872,9396308555,ZAR,10.863472574402778,0.7493,ZAR,40.52888222055513,6.98529411764706,Finance,No rating
SAP,Sappi Limited,1454,ZAC,-6.072351421188631,2241276,0.6773525492005353,9354082619,ZAR,,-18.8339,ZAR,-450.17012178116573,0,Process industries,Neutral
ARL,Astral Foods Limited,23657,ZAC,-1.078820823750784,274980,1.9900000651320118,9220877844,ZAR,10.482634550111221,22.5678,ZAR,15.770304099807102,4.59962366715451,Process industries,Buy
CCD,Cell C Holdings Ltd.,2545,ZAC,-3.9622641509433962,11950,0.29440603889608824,9010000000,ZAR,,,,,0,Miscellaneous,Neutral
SSS,Stor-Age Property REIT Ltd.,1743,ZAC,-0.05733944954128441,139200,0.2687689859126049,8914881948,ZAR,7.967271563742743,2.1877,ZAR,-12.968930262163347,6.49655963302752,Finance,No rating
CLI,Clientele Limited,1912,ZAC,0.10471204188481677,19675,0.14378988479269408,8657498931,ZAR,10.486480557231394,1.8233,ZAR,-10.710088148873648,6.91099476439791,Miscellaneous,No rating
THA,Tharisa Plc,2804,ZAC,-1.267605633802817,17899,0.5798862193193893,8488224093.000001,ZAR,6.0060831941053,4.6686,ZAR,-6.5438895005505,1.84680633802817,Non-energy minerals,Strong buy
BAT,Brait PLC,211,ZAC,-2.314814814814815,84060,0.09382272349307148,8343400584.999999,ZAR,,-0.006,ZAR,-102.06043956043955,0,Finance,No rating
AEL,Altron Limited Class A,2138,ZAC,-1.0185185185185186,90853,0.39626472313634153,8245403340.999999,ZAR,22.45326612056291,0.9522,ZAR,-13.522840795568062,4.53703703703704,Technology services,No rating
RCL,RCL Foods Limited,894,ZAC,0,36788,0.5422607562583006,8039062720,ZAR,7.438222813878027,1.2019,ZAR,-38.74732443176027,6.71140939597316,Consumer non-durables,No rating
BTN,Burstone Group Limited,955,ZAC,-1.1387163561076603,681641,0.6802425573505986,7775512172,ZAR,,-1.565,ZAR,-19.5021380574221,9.6900414078675,Finance,No rating
OAO,Oando PLC,15,ZAC,0,8782,0.4906145251396648,7564231491.670647,ZAR,0.6642468596401216,0.22581966,ZAR,333.582757808065,0,Energy minerals,No rating
LSK,"Lesaka Technologies, Inc.",8300,ZAC,2.4691358024691357,16320,3.4318157922405637,7521470116.086236,ZAR,,-5.894378194207836,ZAR,61.03484594144838,0,Technology services,Strong buy
BLU,Blu Label Unlimited Group Ltd,835,ZAC,-1.8801410105757932,1161896,1.0713645195933872,7444888309,ZAR,,-3.2418,ZAR,-559.5690388432095,5.11883666274971,Distribution services,No rating
PWR,"PowerFleet, Inc.",5400,ZAC,-0.09250693802035154,1276,0.2975399323772881,7252406699.834163,ZAR,,-3.7933333333333334,ZAR,90.13354431422967,0,Technology services,Strong buy
DIB,Dipula Properties Limited Class B,707,ZAC,0.5689900426742532,316795,0.12643001770567003,7123607254,ZAR,7.034125957616157,1.0051,ZAR,20.342432950191576,7.33019914651494,Finance,No rating
WVR,Weaver Fintech Ltd.,6499,ZAC,0,1000,0.283149757906957,6835301903,ZAR,17.068942875902824,3.8075,ZAR,-3.348225618114431,4.18525927065702,Finance,No rating
EMI,Emira Property Fund Ltd.,1500,ZAC,2.3890784982935154,189420,1.0265720773695648,6767199554,ZAR,5.155170636148057,2.9097,ZAR,-24.42926525205828,8.5938566552901,Finance,Buy
CAA,CA Sales Holdings (Pty) Ltd.,1400,ZAC,0.35842293906810035,11827,0.016924122634422067,6713001471,ZAR,9.772441714365488,1.4326,ZAR,15.299798792756553,2.05663082437276,Distribution services,No rating
TSG,Tsogo Sun Limited,698,ZAC,4.962406015037594,9253609,6.646675756730581,6491740321,ZAR,6.089156416295908,1.1463,ZAR,-12.489503015497364,6.76691729323308,Consumer services,Sell
KAP,KAP Limited,240,ZAC,-5.88235294117647,3526878,0.6225486629426837,6394563784,ZAR,48.87983706720978,0.0491,ZAR,-87.1060924369748,0,Transportation,Neutral
OCE,Oceana Group Limited,5400,ZAC,-0.037023324694557574,595,0.032067001169502396,6292102289,ZAR,9.612303748798462,5.6178,ZAR,-38.84256134468419,5.27582376897445,Consumer non-durables,Buy
SEA,Spear REIT Ltd.,1266,ZAC,0,100,0.00009466083543298954,6205733108,ZAR,6.095916795069337,2.0768,ZAR,45.80174108396516,6.58203001579779,Finance,No rating
SBP,Sabvest Capital Ltd.,15700,ZAC,4.6596893540430635,165,0.0780954184021204,5634300786,ZAR,5.29096962916032,29.6732,ZAR,27.666202006642926,0.866608892740484,Finance,No rating
SPG,Super Group Limited,1628,ZAC,-0.42813455657492355,400527,0.8441886639744379,5543946933,ZAR,1.5522797917580426,10.4878,ZAR,,0,Transportation,Buy
RBO,Rainbow Chicken Limited,600,ZAC,-1.639344262295082,43958,0.47430633857906634,5482262150,ZAR,5.829204313611192,1.0293,ZAR,92.42849130678633,5.73770491803279,Process industries,No rating
HDC,Hudaco Industries Limited,19403,ZAC,-0.49743589743589745,1736,0.1826964565727576,5469669886,ZAR,9.800534400113143,19.7979,ZAR,11.981605918685931,5.74358974358974,Distribution services,Strong buy
SYG,Sygnia Ltd.,3232,ZAC,0.6540018685767673,92,0.0045794383219345145,5022893666,ZAR,13.129138400292481,2.4617,ZAR,9.209884210993291,7.19402055434444,Finance,No rating
FBR,Famous Brands Limited,4981,ZAC,-0.300240192153723,15543,0.217039174013947,5006105724,ZAR,8.887976874486993,5.6042,ZAR,17.144648829431436,7.14571657325861,Transportation,No rating
AFT,Afrimat Limited,3136,ZAC,-2.608695652173913,197970,0.6459140236459933,4889132043,ZAR,,-0.66,ZAR,-113.42746119260269,1.08695652173913,Non-energy minerals,Strong buy
CAT,Caxton and CTP Publishers and Printers Limited,1245,ZAC,-4.009252120277564,48764,0.9515743790686421,4585157123,ZAR,7.492327134861889,1.6617,ZAR,-18.603967670830276,13.1071703932151,Consumer services,No rating
OCT,Octodec Investments Limited,1700,ZAC,1.4925373134328357,28280,0.24419159887644235,4458808800,ZAR,8.520876146559068,1.9951,ZAR,54.01420410683958,8.02995223880597,Finance,No rating
LEW,Lewis Group Limited,8299,ZAC,0.593939393939394,5406,0.3221308544869503,4294231310,ZAR,5.6265169697216235,14.7498,ZAR,52.793834296724484,10.1454545454545,Retail trade,No rating
ACS,Acsion Limited,1085,ZAC,-0.2757352941176471,5001,2.1932286641522674,4177441863,ZAR,2.7458622260464645,3.9514,ZAR,75.13518305114793,3.87096774193548,Finance,No rating
BEL,Bell Equipment Limited,4115,ZAC,0.4884004884004884,2033,0.13941941722272133,3916023154,ZAR,11.105114019700446,3.7055,ZAR,-10.40860735009672,2.44200244200244,Producer manufacturing,No rating
MKR,"Montauk Renewables, Inc.",2775,ZAC,0.9090909090909091,4235,0.060163941412964723,3824090364.8424544,ZAR,105.77435064935062,0.26235093696763206,ZAR,-72.65496003145066,0,Process industries,Neutral
NPK,Nampak Limited,47426,ZAC,-1.1958333333333333,2179,0.6997206255418889,3798793259,ZAR,3.456229426121329,137.2189,ZAR,1861.6431502051435,0,Process industries,Strong buy
SUR,Spur Corporation Limited,4224,ZAC,-1.9953596287703015,21598,0.9251699514669156,3619030308,ZAR,11.92378263937897,3.5425,ZAR,19.21989634515716,7.26218097447796,Consumer non-durables,Strong buy
CPP,Collins Property Group Limited,1150,ZAC,6.877323420074349,1551,0.20678621425238317,3547907800,ZAR,6.686046511627907,1.72,ZAR,-60.653337603513755,9.47955390334573,Finance,No rating
KP2,Kore Potash PLC,70,ZAC,0,713758,0.8898476348582481,3508397912.3134327,ZAR,,-0.004490666666666667,ZAR,5.599445821010831,0,Non-energy minerals,No rating
CHP,Choppies Enterprises Limited,165,ZAC,0,362,0.017624834462881694,3340307933.1343284,ZAR,27.027027027027025,0.06105000000000001,ZAR,-33.80162938164305,1.06666666666667,Retail trade,No rating
MCZ,MC Mining Ltd,350,ZAC,-1.4084507042253522,10903,0.44860743660534647,3186799200.8004975,ZAR,,-1.1232041666666668,ZAR,-62.13250700662809,0,Energy minerals,No rating
KAL,KAL Group Limited,4451,ZAC,-0.46958855098389984,30304,0.5219536056549566,3149711926,ZAR,7.804390517604153,5.7032,ZAR,1.9484466054127485,4.695885509839,Commercial services,No rating
MRF,Merafe Resources Limited,123,ZAC,-1.6,382113,0.1362459766284593,3123908386,ZAR,21.57894736842105,0.057,ZAR,-78.65168539325843,9.6,Non-energy minerals,Strong buy
MPT,Mpact Limited,2149,ZAC,2.284626368396002,37163,4.669011872605063,3102794830,ZAR,6.545642837562061,3.2831,ZAR,-3.879259866494901,2.855782960495,Process industries,Buy
IVT,Invicta Holdings Limited,3650,ZAC,0.6896551724137931,9072,0.5111475465255828,3084374914,ZAR,4.629747076283011,7.8838,ZAR,80.6636417800999,3.17241379310345,Distribution services,Strong buy
ORN,Orion Minerals Limited,32,ZAC,-3.0303030303030303,2066756,0.3036184114022746,3054392229.5213933,ZAR,,-0.018905416666666668,ZAR,-78.59546673898427,0,Non-energy minerals,No rating
SHG,Sea Harvest Group Ltd.,834,ZAC,0.6031363088057901,215393,8.379778944051292,2874010521,ZAR,10.473439658420194,0.7963,ZAR,12.854308390022675,9.16767189384801,Process industries,Strong buy
YYLBEE,YeboYethu Limited,5400,ZAC,0,4248,0.02321928118615108,2857461960,ZAR,1.3334716192790361,40.4958,ZAR,693.630698075491,3.74074074074074,Finance,No rating
CMH,Combined Motor Holdings Limited,3900,ZAC,-1.015228426395939,36627,1.5967547867331635,2735337411,ZAR,7.429986664126501,5.249,ZAR,32.35664935195924,4.34010152284264,Retail trade,Neutral
ZZD,Zeda Limited,1446,ZAC,-0.9589041095890412,3931,0.004011113570226783,2722547636,ZAR,4.002325002075895,3.6129,ZAR,12.82203416294537,12.3972602739726,Finance,Neutral
PPE,Purple Group Limited,186,ZAC,-0.53475935828877,556283,1.161648676884948,2622608580,ZAR,38.83089770354906,0.0479,ZAR,43.41317365269461,0,Finance,No rating
SDL,Southern Palladium Ltd.,1841,ZAC,1.098297638660077,2320,0.12522940731944293,2614298661.224876,ZAR,,-0.627215,ZAR,34.40774262592547,0,Non-energy minerals,No rating
CSB,Cashbuild Limited,12694,ZAC,1.1474103585657371,442,0.05677876833748683,2613085182,ZAR,13.052016821411312,9.7257,ZAR,5.059790651701889,5.52191235059761,Retail trade,Buy
MDI,Master Drilling Group Ltd.,1720,ZAC,-0.5780346820809248,166876,0.6975934372474831,2604286070,ZAR,4.751249965470567,3.6201,ZAR,73.8844324895528,3.75722543352601,Non-energy minerals,No rating
IOC,iOCO Limited,415,ZAC,1.2195121951219512,198186,0.2741256613299215,2581037776,ZAR,8.493655341792877,0.4886,ZAR,108.80341880341877,0,Technology services,No rating
AXX,Araxi Limited,210,ZAC,-0.9433962264150944,1,3.731415684184917e-7,2541013955,ZAR,11.241970021413277,0.1868,ZAR,49.91974317817014,5.66037735849057,Finance,No rating
LBR,Libstar Holdings Ltd.,425,ZAC,2.657004830917874,141423,0.6515225365258581,2532202087,ZAR,41.46341463414634,0.1025,ZAR,,6.58823529411765,Consumer non-durables,Neutral
CLH,City Lodge Hotels Limited,418,ZAC,0,492541,1.275082407476202,2157954506,ZAR,10.928104575163399,0.3825,ZAR,5.926336194959854,4.06698564593301,Consumer services,No rating
JBL,Jubilee Metals Group PLC,65,ZAC,-4.411764705882353,160974,0.07998916344455378,2077393551.1343284,ZAR,,,,,0,Non-energy minerals,No rating
FTH,Frontier Transport Holdings Limited,601,ZAC,-11.487481590574374,801,0.059569847691575445,2009198660,ZAR,5.013346680013346,1.1988,ZAR,-9.490373725934308,9.55817378497791,Transportation,No rating
ART,Argent Industrial Limited,3800,ZAC,1.0638297872340425,14386,0.3999744212103772,1998551567,ZAR,7.200788296824075,5.2772,ZAR,17.417230331078677,3.56382978723404,Producer manufacturing,No rating
BWN,Balwin Properties Ltd.,390,ZAC,1.8276762402088773,76938,0.8982092552748108,1989347404,ZAR,7.627615881087425,0.5113,ZAR,6.078838174273858,0,Industrial services,No rating
ZED,Zeder Investments Limited,128,ZAC,0,203509,1.0343295833132151,1965005269,ZAR,,-0.2742,ZAR,-164.67181467181467,0,Finance,No rating
QFH,Quantum Foods Holdings Ltd,951,ZAC,-13.387978142076504,926,0.32342565750410396,1917410408,ZAR,6.93907333090113,1.3705,ZAR,73.92131979695431,3.5751840168244,Process industries,No rating
OAS,Oasis Crescent Property Fund,2825,ZAC,0,879,0.29463028759133875,1861888849,ZAR,14.746567834212039,1.9157,ZAR,-6.796730563393993,4.31295575221239,Miscellaneous,No rating
SCD,Schroder European Real Estate Investment Trust Plc,1400,ZAC,0.5747126436781609,41,0.016691772177665595,1752237354.2238805,ZAR,41.30132523382707,0.33897217391304346,ZAR,330.19422574788865,8.538,Finance,Strong buy
NVS,Novus Holdings Ltd.,541,ZAC,-0.9157509157509158,2208725,57.18174616324586,1722064483,ZAR,7.35554044867437,0.7355,ZAR,-26.37637637637637,10.0732600732601,Commercial services,No rating
GML,Gemfields Group Limited,82,ZAC,-8.88888888888889,68010,1.381808724839033,1551807381,ZAR,,-0.484,ZAR,61.529290199507194,0,Non-energy minerals,Strong buy
UPL,Universal Partners Ltd.,1525,ZAC,0,830,0.04764364847023707,1455831858.283582,ZAR,,-0.23872572402044295,ZAR,62.95230894838593,,Finance,No rating
MMP,Marshall Monteagle PLC,3146,ZAC,-4.666666666666667,10,0.0008780402142418123,1450994649,ZAR,10.284406668846026,3.059,ZAR,175.16416299361342,2.14566053555108,Distribution services,No rating
ACL,ArcelorMittal South Africa Limited,129,ZAC,0.78125,245089,0.5807117794058656,1426704499,ZAR,,-2.7023,ZAR,48.41560722330393,0,Non-energy minerals,No rating
EMH,eMedia Holdings Limited,225,ZAC,0,9500,0.9710524163872761,1386350655,ZAR,4.4326241134751765,0.5076,ZAR,-5.03274087932646,12.8888888888889,Commercial services,No rating
EMN,eMedia Holdings Limited Class N,210,ZAC,0,1753316,1.317613299769433,1386350655,ZAR,4.137115839243498,0.5076,ZAR,-5.03274087932646,13.8095238095238,Commercial services,No rating
CPR,Copper 360 Limited,46,ZAC,6.976744186046512,15927695,5.504040007479391,1268561015,ZAR,,-0.4292,ZAR,-156.69856459330146,0,Non-energy minerals,No rating
EPS,Eastern Platinum Limited,457,ZAC,0,1400,1.353572464468662,1263081486.402985,ZAR,,-1.5449976666666667,ZAR,-32.59363452133224,0,Non-energy minerals,No rating
BRN,Brimstone Investment Corporation Limited Class N,477,ZAC,-5.357142857142857,3100,0.09750359347921128,1262125535,ZAR,29.371921182266014,0.1624,ZAR,,8.33333333333333,Process industries,No rating
TPC,Transpaco Limited,4000,ZAC,-4.761904761904762,2000,0.17118451122542433,1169254292,ZAR,7.97973148203563,5.0127,ZAR,2.0916496945010095,5.47619047619048,Process industries,No rating
SSK,Stefanutti Stocks Holdings Limited,731,ZAC,7.5,915264,3.5287871760380027,1137257075,ZAR,7.005270723526593,1.0435,ZAR,744.2556634304207,0,Industrial services,No rating
DNB,Deneb Investments Limited,249,ZAC,-0.4,10199,2.0456915917843386,1103765793,ZAR,7.053824362606233,0.353,ZAR,66.58801321378007,4.4,Distribution services,No rating
ACT,AfroCentric Investment Corporation Limited,125,ZAC,0,51235,0.6155226806922783,1049696349.9999999,ZAR,,-1.5658,ZAR,-621.9333333333334,4.8,Retail trade,No rating
APF,Accelerate Property Fund Ltd.,50,ZAC,0,11025,0.01242196415083115,1022747437,ZAR,,-0.521,ZAR,-0.25014431402731724,0,Finance,No rating
MTA,Metair Investments Limited,520,ZAC,-0.9523809523809524,5161,0.08615940407942492,1011763664,ZAR,,-2.3227,ZAR,-110.8861449064827,0,Producer manufacturing,Strong buy
SNV,Santova Limited,767,ZAC,-1.9181585677749362,110,0.002651835672975625,984107275,ZAR,7.452390205985232,1.0292,ZAR,3.89662830607711,0,Transportation,No rating
BCF,Bowler Metcalf Limited,1330,ZAC,-1.4814814814814816,633,0.06970290924306825,905110715,ZAR,6.940458174607317,1.9163,ZAR,13.464385102729576,5.48872180451128,Producer manufacturing,No rating
EPE,EPE Capital Partners Ltd. Class A,611,ZAC,2.5167785234899327,680,0.011230796164352791,897240706,ZAR,8.606846034652769,0.7099,ZAR,-27.264344262295083,0,Finance,No rating
YRK,York Timber Holdings Limited,191,ZAC,2.6881720430107525,1,0.00004539182220931077,856301593,ZAR,2.8321470937129303,0.6744,ZAR,70.6909643128322,0,Industrial services,No rating
GPL,Grand Parade Investments Limited,210,ZAC,5,308014,15.636736538041742,853045288,ZAR,17.100977198697066,0.1228,ZAR,,0,Consumer services,No rating
MST,Mustek Limited,1400,ZAC,-3.3816425120772946,21,0.03515232674924674,833754600,ZAR,10.601241859760714,1.3206,ZAR,,0.948930296756384,Electronic technology,No rating
NTU,Nutun Limited,97,ZAC,-5.825242718446602,2182616,2.4883367905980727,807852917,ZAR,,-0.3034,ZAR,76.45141260478113,0,Commercial services,No rating
TEX,Texton Property Fund Limited,261,ZAC,0.38461538461538464,13000,0.6131641629130015,778037153,ZAR,8.521057786483839,0.3063,ZAR,128.2414307004471,0,Finance,No rating
SZK,SAB Zenzele Kabili Holdings (RF) Limited,3400,ZAC,0,1109,2.1626365054602186,767007751,ZAR,1.9040792096951231,17.8564,ZAR,,0,Commercial services,No rating
ENX,enX Group Limited,400,ZAC,0,24641,0.23148565673873997,721683472,ZAR,,,,,0,Distribution services,No rating
ADR,Adcorp Holdings Limited,649,ZAC,0,12112,0.5077086878882638,696612884,ZAR,4.232976780589617,1.5332,ZAR,98.2415309025084,11.5246533127889,Commercial services,No rating
RMH,RMB Holdings Limited,48,ZAC,-2.0408163265306123,18067887,11.736880082868037,682537295,ZAR,,-0.1816,ZAR,-102.00222469410458,0,Finance,No rating
NWL,Nu-World Holdings Limited,3050,ZAC,0,117452,5.5091089889116125,630151113,ZAR,6.881147910838372,4.4324,ZAR,16.20176174496645,4.86885245901639,Distribution services,No rating
FGL,Finbond Group Limited,114,ZAC,0.8849557522123894,55298,1.0463613502144835,582763702,ZAR,5.737292400603926,0.1987,ZAR,913.7755102040816,13.3390265486726,Finance,No rating
HLM,Hulamin Limited,174,ZAC,-1.1363636363636365,71411,0.3786048070102144,570800471,ZAR,,-0.4784,ZAR,-164.7273711270464,0,Non-energy minerals,Strong buy
PBT,PBT Holdings Limited,660,ZAC,0,500,0.05454228117636806,570772395,ZAR,9.337860780984721,0.7068,ZAR,13.214800576645846,9.84848484848485,Technology services,No rating
AEG,Aveng Limited,440,ZAC,0.6864988558352403,10500,0.22527306313438683,543090627,ZAR,,-5.4221,ZAR,-694.0978324545988,0,Industrial services,Strong sell
SEP,Sephaku Holdings Limited,203,ZAC,1.5,600,0.033845338086723034,508972870,ZAR,6.043465317058649,0.3359,ZAR,3.83307573415764,0,Non-energy minerals,No rating
NRL,Newpark REIT Ltd.,480,ZAC,0,2400,1.5247776365946633,480000019,ZAR,9.667673716012084,0.4965,ZAR,,15.4933333333333,Finance,No rating
CGR,Calgro M3 Holdings Limited,427,ZAC,0.4705882352941176,73634,1.1854062729908512,402609291,ZAR,2.814951545916013,1.5169,ZAR,-27.525083612040135,2.03223529411765,Finance,Strong buy
4SI,4Sight Holdings Limited,69,ZAC,-2.8169014084507045,22078,0.2385665691278997,377205213,ZAR,7.921928817451207,0.0871,ZAR,28.46607669616519,0,Commercial services,No rating
ANI,Afine Investments Limited,480,ZAC,-4,7500,91.46341463414635,348175584,ZAR,4.786597526924612,1.0028,ZAR,4.252001247530922,9.33333333333333,Finance,No rating
ISA,ISA Holdings Limited,210,ZAC,-1.8691588785046727,69171,1.2984153442430932,333832735,ZAR,10.796915167095117,0.1945,ZAR,-10.697887970615238,12.196261682243,Technology services,No rating
VUN,Vunani Limited,204,ZAC,2,12457,3.4112878933099653,328195608,ZAR,,-0.0439,ZAR,-84.45378151260503,17.156862745098,Finance,No rating
MHB,Mahube Infrastructure Ltd.,580,ZAC,-3.3333333333333335,635,0.0166115998671072,319875816,ZAR,,-0.3871,ZAR,-133.47168179853003,6.03448275862069,Finance,No rating
GRSP,Goldrush Holdings Limited Non-Cum Pref Registered Shs,615,ZAC,-1.1254019292604502,23001,0.5776083533604044,306045491,ZAR,,,,,0,Finance,No rating
CKS,Crookes Brothers Limited,1900,ZAC,-1.2987012987012987,25,0.0062411064233467315,290022033,ZAR,5.781050325564413,3.2866,ZAR,27.88326848249028,7.89473684210526,Process industries,No rating
AME,African Media Entertainment Limited,4011,ZAC,0.24993751562109473,750,1.0206859009254219,277945352,ZAR,4.768131619928436,8.4121,ZAR,0.7944115603057827,11.2191473448018,Consumer services,No rating
CCC,Cilo Cybin Holdings Limited,90,ZAC,9.75609756097561,605,0.127373784159333,259279898.39999998,ZAR,,-2.878,ZAR,,0,Finance,No rating
PPR,Putprop Limited,580,ZAC,0,16000,2.55922199651306,245949775,ZAR,4.663504060464742,1.2437,ZAR,58.95961145194275,4.39655172413793,Finance,No rating
DLT,Delta Property Fund Limited,34,ZAC,0,172,0.0017551683073748702,242840728,ZAR,,-0.1163,ZAR,20.505809979494195,0,Finance,No rating
HUG,Huge Group Limited,149,ZAC,0,4000,0.006717327632113461,242743046,ZAR,,-0.3648,ZAR,-280.2371541501976,0,Communications,No rating
TMT,Trematon Capital Investments Limited,110,ZAC,-0.9009009009009009,118927,3.3346698893555926,240888340,ZAR,,-0.2866,ZAR,-527.133479212254,120.909090909091,Finance,No rating
ISB,Insimbi Industrial Holdings Limited,70,ZAC,0,53568,0.7885451336396169,222279455,ZAR,,-0.3421,ZAR,-432.86604361370723,0,Non-energy minerals,No rating
PMV,Primeserv Group Limited,275,ZAC,1.4760147601476015,12500,0.6136655964338664,203865476,ZAR,6.124721603563475,0.449,ZAR,26.47887323943663,5.90405904059041,Commercial services,No rating
SOH,South Ocean Holdings Limited,95,ZAC,0,5300,0.11470719365604291,193112952,ZAR,,-0.0752,ZAR,-145.11097780443913,0,Producer manufacturing,No rating
AOO,African and Overseas Enterprises Limited,2000,ZAC,6.3264221158958,12350,0.31223137988572586,169144303,ZAR,1785.714285714286,0.0112,ZAR,,0,Retail trade,No rating
NCS,Nictus Ltd.,250,ZAC,0,1681,0.23117651103623738,133608751.00000001,ZAR,4.704554008280015,0.5314,ZAR,35.11314518179507,4.8,Distribution services,No rating
TRL,Trellidor Holdings Ltd.,127,ZAC,0.7936507936507936,3500,0.22113969078352952,120916474,ZAR,,-0.7067,ZAR,-259.9230595157275,9.4488188976378,Producer manufacturing,No rating
MTU,Mantengu Limited,37,ZAC,0,20000,0.06901318393359275,119896736,ZAR,0.3114478114478115,1.188,ZAR,822.360248447205,0,Finance,No rating
RHB,RH Bophelo Ltd.,170,ZAC,3.0303030303030303,3000,0.6956683053520082,109975212,ZAR,2.5107074287402154,0.6771,ZAR,-76.11218909860646,0,Finance,No rating
BIK,Brikor Limited,12,ZAC,0,141229,14.139867841409691,96773040,ZAR,,-0.0305,ZAR,-444.6428571428571,0,Non-energy minerals,No rating
SKA,Shuka Minerals PLC,64,ZAC,6.666666666666667,1099,0.32851079093680874,81889955.17910448,ZAR,,,,,0,Non-energy minerals,No rating
RNG,Randgold & Exploration Company Ltd,111,ZAC,1.834862385321101,5000,0.634606353678813,78027843,ZAR,,-0.156,ZAR,7.582938388625596,0,Non-energy minerals,No rating
TLM,TeleMasters Holdings Ltd.,130,ZAC,0,850,1.2109987177660635,73973461,ZAR,102.36220472440945,0.0127,ZAR,202.3809523809524,0.461538461538462,Communications,No rating
LAB,Labat Africa Ltd,3,ZAC,0,1237450,0.07234586638479383,61453768,ZAR,0.23041474654377878,0.1302,ZAR,,0,Commercial services,No rating
XII,Numeral Limited,35,ZAC,9.375,50,0.006026201925974135,39759999,ZAR,500.00000000000006,0.0007,ZAR,-98.95678092399403,0,Health technology,No rating
VIS,Visual International Holdings Ltd.,3,ZAC,-25,2700000,6.771010445412114,34717730,ZAR,2.2388059701492535,0.0134,ZAR,-55.629139072847686,0,Finance,No rating
EUZ,Europa Metals Limited,24,ZAC,-4,43526,4.1909952241565245,25542948,ZAR,,,,,0,Non-energy minerals,No rating
BAC,Africa Bitcoin Corporation Limited,500,ZAC,0,800,0.14836520094211902,,,,,,,,Technology services,No rating