Symbol,Description,"Recent fiscal period, Current","Fiscal period end date, Current","Total revenue, Trailing 12 months","Total revenue, Trailing 12 months - Currency","Revenue growth %, TTM YoY","Gross profit, Trailing 12 months","Gross profit, Trailing 12 months - Currency","Operating income, Trailing 12 months","Operating income, Trailing 12 months - Currency","Net income, Trailing 12 months","Net income, Trailing 12 months - Currency","EBITDA, Trailing 12 months","EBITDA, Trailing 12 months - Currency","Earnings per share diluted, Trailing 12 months","Earnings per share diluted, Trailing 12 months - Currency","Earnings per share diluted growth %, TTM YoY"
BHG,BHP Group Ltd,2026-H1,2025-12-31,930834812319.8738,ZAR,-2.628875926572403,380984867017.63525,ZAR,380984867017.63525,ZAR,176411357511.81577,ZAR,481239338183.0417,ZAR,34.683655,ZAR,-13.276996753056435
ANH,Anheuser-Busch InBev SA/NV,2025-H2,2025-12-31,1028257736537.147,ZAR,-5.444742266128758,575145126854.9346,ZAR,260758218917.49188,ZAR,119109561098.96577,ZAR,358563061891.63995,ZAR,59.01521246666666,ZAR,13.24407422969328
BTI,British American Tobacco p.l.c.,2025-H2,2025-12-31,575029866666.6666,ZAR,-6.537356766385267,359006346666.6667,ZAR,231201973333.33334,ZAR,172374240000,ZAR,288390613333.3333,ZAR,78.386832,ZAR,144.64536760022938
CFR,Compagnie Financiere Richemont SA,2025-H1,2025-09-30,449694468327.3653,ZAR,12.205473669191031,296005368755.26746,ZAR,95931509519.27692,ZAR,84173206740.3002,ZAR,128599494430.69565,ZAR,142.88900086956522,ZAR,226.95929230800925
GLN,Glencore plc,2025-H2,2025-12-31,4211907342478.3184,ZAR,-2.058022965277782,86389924295.99753,ZAR,41515946819.072716,ZAR,5727283512.140664,ZAR,169181929699.2,ZAR,0.47376533333333337,ZAR,
PRX,Prosus N.V. Class N,2025-H1,2025-09-30,126008249040.25786,ZAR,20.48091966444754,53188535155.980156,ZAR,4365462884.989813,ZAR,249652520057.99185,ZAR,7981817857.613913,ZAR,107.68505822608695,ZAR,91.40932734065159
AGL,Anglo American plc,2025-H2,2025-12-31,315666295901.58295,ZAR,-38.04673783909919,123458626071.48691,ZAR,63500071740.880684,ZAR,-70545030304.53766,ZAR,102676829139.2,ZAR,-62.12837333333333,ZAR,-16.88653215790171
ANG,Anglogold Ashanti PLC,2026-Q1,2026-03-31,190221465077.87906,ZAR,126.6715843117525,106592844975.09438,ZAR,92333901193.13168,ZAR,59182282794.27462,ZAR,,,116.12606473594549,ZAR,
NPN,Naspers Limited Class N,2025-H1,2025-09-30,141959869890.513,ZAR,11.466393342365453,58822035302.23309,ZAR,3614303253.88097,ZAR,103336660959.987,ZAR,8018168560,ZAR,125.6284,ZAR,85.42800422137105
GFI,Gold Fields Limited,2025-H2,2025-12-31,155585568365.188,ZAR,63.76856547609634,84201311718.8474,ZAR,75350488518.5016,ZAR,63028724288.3227,ZAR,92245265010,ZAR,69.6619,ZAR,177.8418586100309
CPI,Capitec Bank Holdings Limited,2025-H2,2026-02-28,76223806000,ZAR,18.818535090184408,,,22206286000,ZAR,16833389000,ZAR,,,145.4023,ZAR,22.47498315363881
FSR,FirstRand Limited,2026-H1,2025-12-31,260207000000,ZAR,2.349812966845374,,,58022000000,ZAR,45668000000,ZAR,,,7.8557,ZAR,10.673278764739862
SBK,Standard Bank Group Limited,2025-H2,2025-12-31,243924000000,ZAR,15.05143552518006,,,80676000000,ZAR,49100000000,ZAR,,,29.876,ZAR,14.123749933151514
VAL,Valterra Platinum Limited,2025-H2,2025-12-31,116330000000,ZAR,6.737500802848046,28558000000,ZAR,26156000000,ZAR,15420000000,ZAR,34456000000,ZAR,58.4351,ZAR,118.21566474722351
MTN,MTN Group Limited,2025-H2,2025-12-31,226707000000,ZAR,20.58818836070021,107930000000,ZAR,77236000000,ZAR,20262000000,ZAR,116260000000,ZAR,11.0117,ZAR,
VOD,Vodacom Group Limited,2025-H2,2026-03-31,166122000000,ZAR,10.175820240219128,66493000000,ZAR,38135000000,ZAR,20647000000,ZAR,62420000000,ZAR,10.1441,ZAR,20.076941287878782
INPR,Investec Limited Non-Red.Non-Cum.Non-Ptg.Prf.Shs,2025-H1,2025-09-30,112384459872.64,ZAR,-1.9093620681531056,,,19363999454.830902,ZAR,14965926582.2052,ZAR,,,17.5504,ZAR,3.084838944623253
INL,Investec Limited,2025-H1,2025-09-30,112384459872.64,ZAR,-1.9093620681531056,,,19363999454.830902,ZAR,14965926582.2052,ZAR,,,17.5504,ZAR,3.084838944623253
S32,South32 Ltd.,2026-H1,2025-12-31,94251012245.8636,ZAR,-3.326378923021463,-3180190183.407511,ZAR,-3180190183.4074554,ZAR,4941432316.542014,ZAR,4483684349.541667,ZAR,1.0965141666666667,ZAR,85.71082397958125
IMP,Impala Platinum Holdings Limited,2026-H1,2025-12-31,103952000000,ZAR,21.933538995695166,13754000000,ZAR,13450000000,ZAR,8210000000,ZAR,22203000000,ZAR,9.1181,ZAR,
ABG,Absa Group Limited,2025-H2,2025-12-31,219167000000,ZAR,-0.9763789488903347,,,37528000000,ZAR,22214000000,ZAR,,,26.5147,ZAR,2.183195751535757
HAR,Harmony Gold Mining Co. Ltd.,2026-H1,2025-12-31,88730000000,ZAR,27.746263929281007,36563000000,ZAR,34612000000,ZAR,16276000000,ZAR,40441000000,ZAR,25.7334,ZAR,54.32323838080959
DSY,Discovery Limited,2026-H1,2025-12-31,88040000000,ZAR,11.909089753530527,,,17928000000,ZAR,10857000000,ZAR,,,16.0353,ZAR,31.012704767351607
SLM,Sanlam Limited,2025-H2,2025-12-31,288638000000,ZAR,23.23476419404145,,,24644000000,ZAR,15941000000,ZAR,,,7.5403,ZAR,-28.44182095982842
SHP,Shoprite Holdings Limited,2026-H1,2025-12-31,260862000000,ZAR,5.070204693201866,55085000000,ZAR,14900000000,ZAR,7572000000,ZAR,23749000000,ZAR,13.9691,ZAR,14.97201646090534
SSW,Sibanye Stillwater Limited,2025-H2,2025-12-31,129677000000,ZAR,15.649831890055205,30887000000,ZAR,25135000000,ZAR,-5171000000,ZAR,35486000000,ZAR,-1.8268,ZAR,30.442066785972667
NPH,Northam Platinum Holdings Limited,2026-H1,2025-12-31,41236029000,ZAR,35.65951380922475,7870021000,ZAR,7870021000,ZAR,9146998000,ZAR,9556936000,ZAR,22.9372,ZAR,496.56167910738907
BID,Bid Corporation Limited,2026-H1,2025-12-31,243932214000,ZAR,6.0342232053650005,59548978000,ZAR,13082356000,ZAR,8802823000,ZAR,16888891000,ZAR,26.1264,ZAR,10.686793284160673
SOLBE1,BEE - Sasol Limited,2026-H1,2025-12-31,249381000000,ZAR,-4.425358719646799,68292000000,ZAR,43233000000,ZAR,2408000000,ZAR,56667000000,ZAR,3.7082,ZAR,
SOL,Sasol Limited,2026-H1,2025-12-31,249381000000,ZAR,-4.425358719646799,68292000000,ZAR,43233000000,ZAR,2408000000,ZAR,56667000000,ZAR,3.7082,ZAR,
NED,Nedbank Group,2025-H2,2025-12-31,164453000000,ZAR,0.8901731267101018,,,13915000000,ZAR,7941000000,ZAR,,,16.4007,ZAR,-53.367623726905165
INP,Investec plc,2025-H1,2025-09-30,111335854692.1739,ZAR,-1.490114452398403,,,19167941339.130432,ZAR,14813154132.173912,ZAR,,,17.371739478260867,ZAR,3.4485536963147885
INPPR,Investec PLC Pref. (Rand),2025-H1,2025-09-30,111335854692.1739,ZAR,-1.490114452398403,,,19167941339.130432,ZAR,14813154132.173912,ZAR,,,17.371739478260867,ZAR,3.4485536963147885
OUT,OUTsurance Group Limited,2026-H1,2025-12-31,41758000000,ZAR,13.732432726876567,,,7762000000,ZAR,4995000000,ZAR,,,3.225,ZAR,19.550711743772244
REM,Remgro Limited,2026-H1,2025-12-31,52245000000,ZAR,1.634082287715203,11231000000,ZAR,3224000000,ZAR,4813000000,ZAR,4572000000,ZAR,8.6573,ZAR,-33.33564344237048
RNI,Reinet Investments S.C.A.,2025-H1,2025-09-30,22688817539.5362,ZAR,206.79703289398864,21560221919.1147,ZAR,4841625876.67666,ZAR,2338191140.91003,ZAR,4841625880,ZAR,12.8634,ZAR,-88.8029943638065
KIO,Kumba Iron Ore Limited,2025-H2,2025-12-31,72109000000,ZAR,-2.266166086119733,47167000000,ZAR,27255000000,ZAR,14611000000,ZAR,33420000000,ZAR,45.4335,ZAR,-0.5733606153778827
NRP,NEPI Rockcastle N.V,2025-H2,2025-12-31,18644811795.1292,ZAR,12.653378165153677,12349112246.962801,ZAR,11504768253.7081,ZAR,10058418886.966799,ZAR,11569489840,ZAR,14.1424,ZAR,-18.578181043565365
N91,Ninety One Plc,2025-H1,2025-09-30,17133290086.95652,ZAR,5.193392280349914,14337354086.95652,ZAR,4628723478.260869,ZAR,3693627826.0869565,ZAR,4972371130.434782,ZAR,4.257022956521739,ZAR,6.363617566658481
NY1,Ninety One Ltd.,2025-H1,2025-09-30,17303082765.0536,ZAR,4.773370931259606,14479591109.8748,ZAR,4673163024.07418,ZAR,3727770364.51919,ZAR,5020443230,ZAR,4.2959,ZAR,5.8155574166214965
PPH,Pepkor Holdings Ltd.,2025-H2,2025-09-30,95340000000,ZAR,11.985529035895508,33043000000,ZAR,10735000000,ZAR,5638000000,ZAR,15644000000,ZAR,1.5204,ZAR,226.75693101225013
BVT,Bidvest Group Limited,2026-H1,2025-12-31,128808085000,ZAR,3.0481851949580885,35506890000,ZAR,11667703000,ZAR,6082017000,ZAR,16207418000,ZAR,17.8868,ZAR,-7.09265905891764
MNP,Mondi plc,2025-H2,2025-12-31,147336625865.18307,ZAR,-1.3447517008764984,24172890403.210335,ZAR,9527504173.154852,ZAR,3117278121.6862483,ZAR,19211928370.13333,ZAR,7.0728,ZAR,-28.587477025980828
PAN,Pan African Resources PLC,2026-H1,2025-12-31,14239377142.016722,ZAR,107.23947668951,7382175550.24597,ZAR,7191796429.467736,ZAR,4146137474.210714,ZAR,7939793254.4,ZAR,2.0454986666666666,ZAR,157.4817510690393
APN,Aspen Pharmacare Holdings Limited,2026-H1,2025-12-31,38481000000,ZAR,-15.472817133443161,16127000000,ZAR,6160000000,ZAR,-1999000000,ZAR,8166000000,ZAR,-4.5055,ZAR,-144.6889971136393
OMU,Old Mutual Ltd.,2025-H2,2025-12-31,322904000000,ZAR,32.87957037921031,,,49587000000,ZAR,8408000000,ZAR,,,1.8975,ZAR,11.388318168476664
CLS,Clicks Group Limited,2026-H1,2026-02-28,53206201000,ZAR,6.304409476501012,13440485000,ZAR,4834267000,ZAR,3331205000,ZAR,6803387000,ZAR,14.1272,ZAR,12.090388307916907
GRT,Growthpoint Properties Limited,2026-H1,2025-12-31,13418000000,ZAR,-5.4804170188785575,8884000000,ZAR,8764000000,ZAR,5167000000,ZAR,9534000000,ZAR,1.5117,ZAR,42.31783091696479
SHC,Shaftesbury Capital PLC,2025-H2,2025-12-31,5281024000,ZAR,-0.4795591981252826,3976485333.3333335,ZAR,2570906666.6666665,ZAR,7638624000,ZAR,2591114666.6666665,ZAR,4.032618666666667,ZAR,28.0539239467255
QLT,Quilter Plc,2025-H2,2025-12-31,210253013333.33334,ZAR,62.22550730997513,209107893333.33334,ZAR,7723946666.666667,ZAR,2694400000,ZAR,,,1.9309866666666664,ZAR,
PHP,Primary Health Properties PLC,2025-H2,2025-12-31,5815413333.333333,ZAR,34.5610541131436,5186720000,ZAR,4535573333.333333,ZAR,2671946666.6666665,ZAR,4558026666.666667,ZAR,1.4909013333333334,ZAR,102.19989669306064
EXX,Exxaro Resources Limited,2025-H2,2025-12-31,41771000000,ZAR,2.5684468999386127,7346000000,ZAR,7346000000,ZAR,7564000000,ZAR,10580000000,ZAR,31.7815,ZAR,-0.5258298251928802
MTM,Momentum Group Limited,2026-H1,2025-12-31,197164000000,ZAR,27.795386340508554,,,14261000000,ZAR,6034000000,ZAR,,,4.4745,ZAR,23.724595603484037
WHL,Woolworths Holdings Limited,2026-H1,2025-12-31,81605000000,ZAR,3.869407496977025,27768000000,ZAR,4602000000,ZAR,1723000000,ZAR,,,1.9209,ZAR,-41.6175308491885
SNT,Santam Limited,2025-H2,2025-12-31,61197000000,ZAR,6.78800146578952,,,9452000000,ZAR,4059000000,ZAR,,,36.7763,ZAR,10.698633435675148
RDF,Redefine Properties Limited,2026-H1,2026-02-28,11208392000,ZAR,3.4439502541339215,6611629000,ZAR,6791285000,ZAR,6235956000,ZAR,6842429000,ZAR,0.8934,ZAR,39.137206042672474
TBS,Tiger Brands Limited,2025-H2,2025-09-30,34392000000,ZAR,-8.682976565362619,10772000000,ZAR,5487000000,ZAR,3817000000,ZAR,6449000000,ZAR,24.4899,ZAR,27.825855481554168
DRD,DRDGOLD Ltd.,2026-H1,2025-12-31,9129100000,ZAR,29.164662271145193,4226899999.9999995,ZAR,3989500000,ZAR,3199300000,ZAR,4501800000,ZAR,3.6842,ZAR,86.53232747708977
ARI,African Rainbow Minerals Limited,2026-H1,2025-12-31,13812000000,ZAR,22.13281457246441,2548000000,ZAR,1674000000,ZAR,1289000000,ZAR,2613000000,ZAR,6.7135,ZAR,-60.349756080274986
BOX,Boxer Retail Limited,2025-H2,2026-02-28,47072000000,ZAR,10.352588147036759,6378000000,ZAR,2638000000,ZAR,1556000000,ZAR,4021000000,ZAR,3.4019,ZAR,13.563226064895176
MRP,Mr Price Group Limited,2025-H1,2025-09-30,41522000000,ZAR,6.930030130565785,17438000000,ZAR,5782000000,ZAR,3730000000,ZAR,,,14.0192,ZAR,10.198242387083587
HMN,Hammerson plc,2025-H2,2025-12-31,4755616000,ZAR,63.61732712855896,2950368000,ZAR,1935477333.3333333,ZAR,5211418666.666667,ZAR,1955685333.3333333,ZAR,10.292608,ZAR,
SRE,Sirius Real Estate Limited,2025-H1,2025-09-30,6393592265.469548,ZAR,5.700211849444135,3640923593.5949497,ZAR,2049092272.0895507,ZAR,4132929756.8474126,ZAR,2153760697.2869563,ZAR,2.725803826086956,ZAR,39.85501566730328
KST,PSG Financial Services Limited,2025-H2,2026-02-28,8197352999.999999,ZAR,-8.343645207569738,5518834000,ZAR,2645929000,ZAR,1736758000,ZAR,2857707000,ZAR,1.372,ZAR,37.36483780536645
VKE,Vukile Property Fund Limited,2025-H1,2025-09-30,5499000000,ZAR,17.31450270939113,3717000000,ZAR,3448000000,ZAR,4330000000,ZAR,3451000000,ZAR,3.4789,ZAR,134.04870828848223
DCP,Dis-Chem Pharmacies Limited,2025-H1,2025-08-31,40884029000,ZAR,7.617643869136365,7987940000,ZAR,2324095000,ZAR,1235218000,ZAR,3494370000,ZAR,1.4393,ZAR,16.34467706733489
AVI,AVI Limited Class Y,2026-H1,2025-12-31,16433800000,ZAR,3.00029457665574,7055600000,ZAR,3790500000,ZAR,2582500000,ZAR,4392400000,ZAR,7.6535,ZAR,7.874781530134746
PMR,Premier Group Limited,2025-H1,2025-09-30,20503370000,ZAR,8.297053621154028,7184980000,ZAR,2036940000,ZAR,1361067000,ZAR,2478868000,ZAR,10.2611,ZAR,26.799219020315373
TKG,Telkom SA SOC Ltd.,2025-H1,2025-09-30,44602000000,ZAR,5.099203543993591,19014000000,ZAR,4865000000,ZAR,8033000000,ZAR,10772000000,ZAR,16.1405,ZAR,303.44189766790805
FFB,Fortress Real Estate Investments Limited Class B,2026-H1,2025-12-31,6291441000,ZAR,24.063373384070008,4257322000,ZAR,4433061000,ZAR,3444612000,ZAR,4433061000,ZAR,2.848,ZAR,23.231361689238877
RES,Resilient REIT Limited,2025-H2,2025-12-31,3926844000,ZAR,7.532591720565172,2484256000,ZAR,2214406000,ZAR,4570994000,ZAR,2214406000,ZAR,13.6386,ZAR,58.54781335007324
ADH,ADvTECH Limited,2025-H2,2025-12-31,9330400000,ZAR,9.504025538107646,,,2038200000,ZAR,1288000000,ZAR,2539400000,ZAR,2.33,ZAR,16.511651165116515
PIK,Pick N Pay Stores Limited,2025-H1,2025-08-31,124389400000,ZAR,6.138919014393971,11814500000,ZAR,1986500000,ZAR,-404600000,ZAR,5844800000,ZAR,-0.551,ZAR,90.84748015016112
KRO,Karooooo Ltd.,2025-Q4,2026-02-28,5040751016.667756,ZAR,7.657826408162409,3424648226.1283975,ZAR,1284510145.909202,ZAR,910500485.7162547,ZAR,2086923878.2051282,ZAR,29.47275641025641,ZAR,-3.5574978670450035
HYP,Hyprop Investments Limited,2026-H1,2025-12-31,4930282000,ZAR,5.975220412626279,2873413000,ZAR,2550120000,ZAR,3565810000,ZAR,2721754000,ZAR,9.0191,ZAR,11.9356119840147
SRI,Supermarket Income REIT Plc,2026-H1,2025-12-31,2596481013.3333335,ZAR,-9.690133898887893,2320439733.3333335,ZAR,1801790186.6666667,ZAR,1376815946.6666667,ZAR,1801947360,ZAR,1.104704,ZAR,-16.765102766912804
APH,Alphamin Resources Corp.,2026-Q1,2026-03-31,12525939190.093246,ZAR,30.41545435989556,6850346347.788931,ZAR,6263649749.522506,ZAR,3194094553.5044603,ZAR,7257327529.124361,ZAR,2.488663441226576,ZAR,73.17094636138054
OPA,Channel VAS Investments Limited,,,,,,,,,,,,,,,,
NTC,Netcare Limited,2025-H2,2025-09-30,26344000000,ZAR,4.531386397904928,13094000000,ZAR,2842000000,ZAR,1718000000,ZAR,4195000000,ZAR,1.329,ZAR,22.173193601765014
TFG,Foschini Group Limited,2025-H1,2025-09-30,64557200000,ZAR,10.458415462111258,27088000000,ZAR,4808500000,ZAR,2935200000,ZAR,11130700000,ZAR,8.9559,ZAR,-1.6483637162310578
TRU,Truworths International Limited,2026-H1,2025-12-31,21765000000,ZAR,1.9437939110070257,9863000000,ZAR,2927000000,ZAR,2797000000,ZAR,4421000000,ZAR,7.4784,ZAR,-25.073639915840097
TGA,Thungela Resources Limited,2025-H2,2025-12-31,29599000000,ZAR,-16.749170276199585,4913000000,ZAR,-2305000000,ZAR,-7085000000,ZAR,1527000000,ZAR,-55.9729,ZAR,-311.8267931683059
BYI,Bytes Technology Group Plc,2025-H2,2026-02-28,4763997814.102564,ZAR,-6.822399654537962,3546636342.948718,ZAR,1354970987.1794872,ZAR,1107658326.9230769,ZAR,1422144993.5897436,ZAR,4.479707051282051,ZAR,-13.327187228930828
DTC,Datatec Limited,2025-H1,2025-08-31,51804802398.785095,ZAR,-47.677544670282884,16262344589.894499,ZAR,3890709157.12415,ZAR,1510517735.87926,ZAR,5012228150,ZAR,6.3471,ZAR,38.28405847621953
CML,Coronation Fund Managers Limited,2025-H2,2025-09-30,4398000000,ZAR,3.2879286049788634,,,2143000000,ZAR,1666000000,ZAR,,,4.5044,ZAR,-28.56055319418892
MTH,Motus Holdings Limited,2026-H1,2025-12-31,114086000000,ZAR,1.1651828468059446,5225000000,ZAR,5270000000,ZAR,2671000000,ZAR,7891000000,ZAR,15.4725,ZAR,10.366497375028535
GCT,Greencoat Renewables Plc,2025-H2,2025-12-31,2423953737.9999995,ZAR,-21.63965960917827,2171571114.1666665,ZAR,-140490971.16666666,ZAR,-1026071511.1666665,ZAR,-140490971.16666666,ZAR,-0.92199035,ZAR,-174.89191638710517
LHC,Life Healthcare Group Holdings Limited,2025-H2,2025-09-30,25104000000,ZAR,-1.6262392726987733,5847000000,ZAR,2201000000,ZAR,3864000000,ZAR,3513000000,ZAR,2.6598,ZAR,-19.914488739009993
GNDP,Grindrod Ltd Cum.Non-Red.Non-Ptg.Non-Cnv.Pref.Shs,2025-H2,2025-12-31,5558332000,ZAR,11.697426169155827,,,1135511000,ZAR,2139101000,ZAR,1564447000,ZAR,3.0984,ZAR,558.6734693877551
GND,Grindrod Limited,2025-H2,2025-12-31,5558332000,ZAR,11.697426169155827,,,1135511000,ZAR,2139101000,ZAR,1564447000,ZAR,3.0984,ZAR,558.6734693877551
LTE,Lighthouse Properties Plc,2025-H2,2025-12-31,2982588730.16874,ZAR,36.62164910766567,1903092427.26825,ZAR,1715882658.0469198,ZAR,2082321593.31687,ZAR,1715882660,ZAR,1.007,ZAR,49.14099526066349
OMN,Omnia Holdings Limited,2025-H1,2025-09-30,23107000000,ZAR,1.7750176180408739,5039000000,ZAR,1728000000,ZAR,1186000000,ZAR,2301000000,ZAR,7.29,ZAR,2.238303601480985
EQU,Equites Property Fund Ltd ZAR,2025-H1,2025-08-31,3955149000,ZAR,23.273734052938075,1908921000,ZAR,1697169000,ZAR,1590446000,ZAR,1704102000,ZAR,1.9108,ZAR,65.17980636237898
WBC,We Buy Cars Holdings Ltd.,2025-H2,2025-09-30,26656249000,ZAR,13.333100626234362,1259417000,ZAR,1259417000,ZAR,935392000,ZAR,1411648000,ZAR,2.2129,ZAR,169.0783073929961
FTA,Fairvest Limited Class A,2025-H2,2025-09-30,2182107000,ZAR,5.205031273096844,1296373000,ZAR,1644513000,ZAR,1466138000,ZAR,,,0.7856,ZAR,28.977179445082907
FTB,Fairvest Limited Class B,2025-H2,2025-09-30,2182107000,ZAR,5.205031273096844,1296373000,ZAR,1644513000,ZAR,1466138000,ZAR,,,0.7856,ZAR,28.977179445082907
MSP,MAS P.L.C.,2026-H1,2025-12-31,2073616741.3134599,ZAR,3.9556119719082266,1439656869.08265,ZAR,1195131764.06129,ZAR,1216183869.33897,ZAR,1196725610,ZAR,1.82,ZAR,-53.13264491540699
JSE,JSE Limited,2025-H2,2025-12-31,7820092000,ZAR,2.9012684471710184,3377795000,ZAR,1263350000,ZAR,1070654000,ZAR,1435063000,ZAR,12.8979,ZAR,16.736810665508155
SSU,Southern Sun Limited,2025-H1,2025-09-30,6765000000,ZAR,8.709625582516471,1555000000,ZAR,1555000000,ZAR,1021000000,ZAR,2022000000,ZAR,0.7609,ZAR,9.042705646317003
HCI,Hosken Consolidated Investments Limited,2025-H1,2025-09-30,23872732000,ZAR,1.5730706526861045,4120377000.0000005,ZAR,4120377000.0000005,ZAR,6126602000,ZAR,5223141000,ZAR,74.5856,ZAR,588.6816494616905
ISO,"ASP Isotopes, Inc.",2025-Q4,2025-12-31,397483333.3333334,ZAR,404.50007633110107,30998766.666666668,ZAR,-953183333.3333334,ZAR,-2918200000,ZAR,-916116166.6666667,ZAR,-35.59666666666667,ZAR,-191.46710253217108
SPP,Spar Group Limited,2025-H2,2025-09-30,133408299999.99998,ZAR,-14.197500691393925,14433200000,ZAR,3243400000,ZAR,-4828100000,ZAR,4905600000,ZAR,-25.07,ZAR,-1472.0446584938707
ATT,Attacq Limited,2026-H1,2025-12-31,2998659000,ZAR,7.97632100592515,1802565000,ZAR,1425069000,ZAR,1431056000,ZAR,1426933000,ZAR,2.0151,ZAR,4.501374267489498
SUI,Sun International Limited,2025-H2,2025-12-31,10594000000,ZAR,2.5854556018204704,5519000000,ZAR,2516000000,ZAR,1602000000,ZAR,3323000000,ZAR,6.6214,ZAR,32.86912549664889
RLO,Reunert Limited,2025-H2,2025-09-30,13881000000,ZAR,-3.9111172642946146,1515000000,ZAR,1515000000,ZAR,926000000,ZAR,1884000000,ZAR,5.5783,ZAR,-8.552459016393444
WBO,Wilson Bayly Holmes-Ovcon Limited,2026-H1,2025-12-31,27857922000,ZAR,-3.5553379714928335,2590204000,ZAR,1357482000,ZAR,1230105000,ZAR,1733256000,ZAR,23.5018,ZAR,17.407442562183714
AFE,AECI Ltd,2025-H2,2025-12-31,32183000000,ZAR,-4.2115602119173765,2335000000,ZAR,2335000000,ZAR,334000000,ZAR,3358000000,ZAR,3.093,ZAR,
PPC,PPC Limited,2025-H1,2025-09-30,10186000000,ZAR,13.771920026806658,2088000000,ZAR,1168000000,ZAR,516000000,ZAR,1744000000,ZAR,0.35,ZAR,409.4614264919942
SDO,Stadio Holdings Pty Ltd.,2025-H2,2025-12-31,1840997000,ZAR,14.229507993286447,459006000,ZAR,459006000,ZAR,327540000,ZAR,540682000,ZAR,0.3798,ZAR,24.442988204456093
ITE,Italtile Limited,2026-H1,2025-12-31,8795000000,ZAR,-2.7961980548187446,3536000000,ZAR,1892000000,ZAR,1379000000,ZAR,2412000000,ZAR,1.1554,ZAR,-7.759859492256103
SAC,SA Corporate Real Estate Ltd.,2025-H2,2025-12-31,2922446000,ZAR,-1.7085042465401428,1361194000,ZAR,1221515000,ZAR,564012000,ZAR,1242788000,ZAR,0.2159,ZAR,-15.926791277258554
RBX,Raubex Group Limited,2025-H2,2026-02-28,22048117000,ZAR,4.607601641488005,2861836000,ZAR,1679049000,ZAR,1099527000,ZAR,2521393000,ZAR,5.9741,ZAR,0.658803706823932
AFH,Alexander Forbes Group Holdings Limited,2025-H1,2025-09-30,5954000000,ZAR,10.300111152278623,4610000000,ZAR,837000000,ZAR,949000000,ZAR,852000000,ZAR,0.7493,ZAR,40.52888222055513
SAP,Sappi Limited,2026-Q2,2026-03-31,92506204032.7266,ZAR,-8.487797856797432,5797245049.44416,ZAR,5348282117.24805,ZAR,-11414721641.5653,ZAR,11114215650,ZAR,-18.8339,ZAR,-450.17012178116573
ARL,Astral Foods Limited,2025-H2,2025-09-30,22619153000,ZAR,10.446242477643198,3957686000,ZAR,1172388000,ZAR,876389000,ZAR,1503079000,ZAR,22.5678,ZAR,15.770304099807102
CCD,Cell C Holdings Ltd.,2025-H1,2025-11-30,,,,,,,,,,,,,,
SSS,Stor-Age Property REIT Ltd.,2025-H1,2025-09-30,1437265000,ZAR,7.52450463310007,1070670000.0000001,ZAR,845954000,ZAR,1066252999.9999999,ZAR,854850000,ZAR,2.1877,ZAR,-12.968930262163347
CLI,Clientele Limited,2026-H1,2025-12-31,5056423000,ZAR,53.83580740005159,,,1346981000,ZAR,827283000,ZAR,,,1.8233,ZAR,-10.710088148873648
THA,Tharisa Plc,2025-H2,2025-09-30,10894728287.4909,ZAR,-18.60051065159286,2212290541.0236597,ZAR,1074712192.22549,ZAR,1423109061.92097,ZAR,2249794950,ZAR,4.6686,ZAR,-6.5438895005505
BAT,Brait PLC,2025-H1,2025-09-30,827000000,ZAR,-33.360193392425465,799000000,ZAR,697000000,ZAR,-23000000,ZAR,697000000,ZAR,-0.006,ZAR,-102.06043956043955
AEL,Altron Limited Class A,2025-H1,2025-08-31,9545000000,ZAR,8.502898715471183,936000000,ZAR,936000000,ZAR,376000000,ZAR,1747000000,ZAR,0.9522,ZAR,-13.522840795568062
RCL,RCL Foods Limited,2026-H1,2025-12-31,26240503000,ZAR,34.950217489912355,25574035000,ZAR,1514415000,ZAR,1085833000,ZAR,2180883000,ZAR,1.2019,ZAR,-38.74732443176027
BTN,Burstone Group Limited,2025-H1,2025-09-30,2316553000,ZAR,53.83496173969981,1432233000,ZAR,-538329000,ZAR,-1241607000,ZAR,-415209000,ZAR,-1.565,ZAR,-19.5021380574221
OAO,Oando PLC,2025-Q4,2025-12-31,35021270322,ZAR,-26.49846719326404,255487955.7999989,ZAR,-1082810828.7,ZAR,2662977833.7,ZAR,70666084.3,ZAR,0.22581966,ZAR,333.582757808065
LSK,"Lesaka Technologies, Inc.",2026-Q3,2026-03-31,11954003407.158636,ZAR,1.6675534565357353,2877666098.8083644,ZAR,246235093.69683987,ZAR,-478040885.86041224,ZAR,1060511073.253833,ZAR,-5.894378194207836,ZAR,61.03484594144838
BLU,Blu Label Unlimited Group Ltd,2025-H1,2025-11-30,15442988000,ZAR,8.279295311095499,2399620000,ZAR,4433182000,ZAR,-2912474000,ZAR,4800888000,ZAR,-3.2418,ZAR,-559.5690388432095
PWR,"PowerFleet, Inc.",2025-Q3,2025-12-31,7215416666.666667,ZAR,29.513728929429018,3942016666.666667,ZAR,346866666.6666667,ZAR,-505416666.6666667,ZAR,1382600000,ZAR,-3.7933333333333334,ZAR,90.13354431422967
DIB,Dipula Properties Limited Class B,2025-H2,2025-08-31,1512530000,ZAR,1.685218388625465,919785000,ZAR,827245000,ZAR,931871000,ZAR,828026000,ZAR,1.0051,ZAR,20.342432950191576
WVR,Weaver Fintech Ltd.,2025-H2,2025-12-31,5455000000,ZAR,23.221142986220915,3677000000,ZAR,1151000000,ZAR,404000000,ZAR,1254000000,ZAR,3.8075,ZAR,-3.348225618114431
EMI,Emira Property Fund Ltd.,2025-H1,2025-09-30,1486395000,ZAR,-20.821332287841845,736196000,ZAR,1447072000,ZAR,1392651000,ZAR,,,2.9097,ZAR,-24.42926525205828
CAA,CA Sales Holdings (Pty) Ltd.,2025-H2,2025-12-31,12808113000,ZAR,2.306721439578981,1926617000,ZAR,828338000,ZAR,691347000,ZAR,961211000,ZAR,1.4326,ZAR,15.299798792756553
TSG,Tsogo Sun Limited,2025-H1,2025-09-30,10817000000,ZAR,-1.592066957787482,4668000000,ZAR,2644000000,ZAR,1192000000,ZAR,3328000000,ZAR,1.1463,ZAR,-12.489503015497364
KAP,KAP Limited,2026-H1,2025-12-31,29132000000,ZAR,-0.8744768450780904,4066000000,ZAR,2048000000,ZAR,126000000,ZAR,3511000000,ZAR,0.0491,ZAR,-87.1060924369748
OCE,Oceana Group Limited,2025-H2,2025-09-30,9995000000,ZAR,-0.655998409700825,2777000000,ZAR,1215000000,ZAR,674000000,ZAR,1531000000,ZAR,5.6178,ZAR,-38.84256134468419
SEA,Spear REIT Ltd.,2025-H1,2025-08-31,776649000,ZAR,22.2374366698617,491252000,ZAR,421683000,ZAR,667738000,ZAR,437745000,ZAR,2.0768,ZAR,45.80174108396516
SBP,Sabvest Capital Ltd.,2025-H2,2025-12-31,140002000,ZAR,39.99920001599968,,,1123156000,ZAR,1123155000,ZAR,1123156000,ZAR,29.6732,ZAR,27.666202006642926
SPG,Super Group Limited,2026-H1,2025-12-31,43517555000,ZAR,-21.387218173059143,2016210000,ZAR,2016210000,ZAR,3553494000,ZAR,3794786000,ZAR,10.4878,ZAR,
RBO,Rainbow Chicken Limited,2026-H1,2025-12-31,16730341000,ZAR,10.265807678601428,,,1146632000,ZAR,923610000,ZAR,1531444000,ZAR,1.0293,ZAR,92.42849130678633
HDC,Hudaco Industries Limited,2025-H2,2025-11-30,8748359000,ZAR,4.404998870424357,3280195000,ZAR,1096778000,ZAR,574267000,ZAR,1306174000,ZAR,19.7979,ZAR,11.981605918685931
SYG,Sygnia Ltd.,2025-H2,2025-09-30,1066868999.9999999,ZAR,12.772200723225986,490066000,ZAR,490066000,ZAR,382347000,ZAR,,,2.4617,ZAR,9.209884210993291
FBR,Famous Brands Limited,2025-H1,2025-08-31,8505795000,ZAR,4.999003806274762,3657259000,ZAR,870095000,ZAR,562698000,ZAR,1074753000,ZAR,5.6042,ZAR,17.144648829431436
AFT,Afrimat Limited,2025-H1,2025-08-31,9544474000,ZAR,29.981341304327398,1760137000,ZAR,528389000,ZAR,-99187000,ZAR,1238095000,ZAR,-0.66,ZAR,-113.42746119260269
CAT,Caxton and CTP Publishers and Printers Limited,2026-H1,2025-12-31,6691580000,ZAR,1.5714200278261228,1623345000,ZAR,538956000,ZAR,587906000,ZAR,798383000,ZAR,1.6617,ZAR,-18.603967670830276
OCT,Octodec Investments Limited,2026-H1,2026-02-28,2197989000,ZAR,3.49736193415782,1022436000,ZAR,824620000,ZAR,531086000,ZAR,838553000,ZAR,1.9951,ZAR,54.01420410683958
LEW,Lewis Group Limited,2025-H1,2025-09-30,9779100000,ZAR,12.318241334160291,6813900000,ZAR,1228900000,ZAR,791900000,ZAR,1620700000,ZAR,14.7498,ZAR,52.793834296724484
ACS,Acsion Limited,2025-H1,2025-08-31,1592774000,ZAR,6.698794728746979,967368000,ZAR,949835000,ZAR,1520584000,ZAR,1021645000,ZAR,3.9514,ZAR,75.13518305114793
BEL,Bell Equipment Limited,2025-H2,2025-12-31,11152251000,ZAR,-4.65444597631496,2435283000,ZAR,905995000,ZAR,384031000,ZAR,1155863000,ZAR,3.7055,ZAR,-10.40860735009672
MKR,"Montauk Renewables, Inc.",2026-Q1,2026-03-31,3069965928.4497447,ZAR,-7.329267665090803,1105332197.6149914,ZAR,8040885.860306662,ZAR,37768313.458262354,ZAR,558824531.516184,ZAR,0.26235093696763206,ZAR,-72.65496003145066
NPK,Nampak Limited,2025-H2,2025-09-30,10726800000,ZAR,7.738818637445638,,,1593600000,ZAR,1159600000,ZAR,1861100000,ZAR,137.2189,ZAR,1861.6431502051435
SUR,Spur Corporation Limited,2026-H1,2025-12-31,4033751000,ZAR,8.51263413597467,995738000,ZAR,391494000,ZAR,292149000,ZAR,425889000,ZAR,3.5425,ZAR,19.21989634515716
CPP,Collins Property Group Limited,2025-H1,2025-08-31,1104319000,ZAR,-12.929471167795734,933552000,ZAR,837282000,ZAR,568101000,ZAR,845837000,ZAR,1.72,ZAR,-60.653337603513755
KP2,Kore Potash PLC,2025-H2,2025-12-31,0,ZAR,,-7930.95124453888,ZAR,-23655496.890849657,ZAR,-16746835.793382486,ZAR,-23647626.133333333,ZAR,-0.004490666666666667,ZAR,5.599445821010831
CHP,Choppies Enterprises Limited,2026-H1,2025-12-31,11742566666.666668,ZAR,0.3339499643060336,2386500000,ZAR,458800000,ZAR,112233333.33333334,ZAR,847300000,ZAR,0.06105000000000001,ZAR,-33.80162938164305
MCZ,MC Mining Ltd,2026-H1,2025-12-31,270654335.3026209,ZAR,-23.478014132814796,-124567953.10631122,ZAR,-236833208.39668632,ZAR,-617796327.0216645,ZAR,-204675601.25,ZAR,-1.1232041666666668,ZAR,-62.13250700662809
KAL,KAL Group Limited,2025-H2,2025-09-30,20305200000,ZAR,-6.5780032173105365,3090367000,ZAR,626856000,ZAR,402712000,ZAR,798415000,ZAR,5.7032,ZAR,1.9484466054127485
MRF,Merafe Resources Limited,2025-H2,2025-12-31,5834877000,ZAR,-30.8947325161172,496867000,ZAR,496867000,ZAR,142588000,ZAR,698215000,ZAR,0.057,ZAR,-78.65168539325843
MPT,Mpact Limited,2025-H2,2025-12-31,13954600000,ZAR,4.995222223058229,5691000000,ZAR,939000000,ZAR,485400000,ZAR,1544500000,ZAR,3.2831,ZAR,-3.879259866494901
IVT,Invicta Holdings Limited,2025-H1,2025-09-30,8349439000,ZAR,4.494308056651985,2721994000,ZAR,723987000,ZAR,741457000,ZAR,925730000,ZAR,7.8838,ZAR,80.6636417800999
ORN,Orion Minerals Limited,2026-H1,2025-12-31,0,ZAR,,-9141325,ZAR,-146561462.5,ZAR,-132315675,ZAR,-137420137.5,ZAR,-0.018905416666666668,ZAR,-78.59546673898427
SHG,Sea Harvest Group Ltd.,2025-H2,2025-12-31,6642956000,ZAR,-7.447934067605949,2263271000,ZAR,1906625000,ZAR,275999000,ZAR,,,0.7963,ZAR,12.854308390022675
YYLBEE,YeboYethu Limited,2025-H1,2025-09-30,709597000,ZAR,5.084693052474447,,,3415875000,ZAR,2142871999.9999998,ZAR,3415875000,ZAR,40.4958,ZAR,693.630698075491
CMH,Combined Motor Holdings Limited,2025-H2,2026-02-28,15711190000,ZAR,18.56073789149624,2537078000,ZAR,727968000,ZAR,390947000,ZAR,1025909000.0000001,ZAR,5.249,ZAR,32.35664935195924
ZZD,Zeda Limited,2025-H2,2025-09-30,10649372000,ZAR,1.728249957897305,4353468000,ZAR,1600121000,ZAR,672499000,ZAR,3335455000,ZAR,3.6129,ZAR,12.82203416294537
PPE,Purple Group Limited,2026-H1,2026-02-28,546645000,ZAR,13.53572570896871,467982000,ZAR,131074000.00000001,ZAR,68150000,ZAR,192669000,ZAR,0.0479,ZAR,43.41317365269461
SDL,Southern Palladium Ltd.,2026-H1,2025-12-31,0,ZAR,,0,ZAR,-84027937.94583334,ZAR,-67267596.57916667,ZAR,-84027904.58333333,ZAR,-0.627215,ZAR,34.40774262592547
CSB,Cashbuild Limited,2026-H1,2025-12-31,11688791000,ZAR,1.6765138102121615,2517761000,ZAR,310300000,ZAR,203808000,ZAR,735178000,ZAR,9.7257,ZAR,5.059790651701889
MDI,Master Drilling Group Ltd.,2025-H2,2025-12-31,5208326405.75364,ZAR,5.013231656317842,1476184867.48522,ZAR,751127777.5067129,ZAR,547519084.704875,ZAR,1022068910,ZAR,3.6201,ZAR,73.8844324895528
IOC,iOCO Limited,2026-H1,2026-01-31,5679982000,ZAR,1.0312333355745262,1564407000,ZAR,450108000,ZAR,307775000,ZAR,548217000,ZAR,0.4886,ZAR,108.80341880341877
AXX,Araxi Limited,2025-H1,2025-09-30,1292108000,ZAR,4.171846606071453,587233000,ZAR,288987000,ZAR,223278000,ZAR,342363000,ZAR,0.1868,ZAR,49.91974317817014
LBR,Libstar Holdings Ltd.,2025-H2,2025-12-31,12329167000,ZAR,4.71723120825095,2527702000,ZAR,556376000,ZAR,61062000,ZAR,1004698000,ZAR,0.1025,ZAR,
CLH,City Lodge Hotels Limited,2026-H1,2025-12-31,2115588000.0000002,ZAR,8.430415221756743,620947000,ZAR,426905000,ZAR,207189000,ZAR,616990000,ZAR,0.3825,ZAR,5.926336194959854
JBL,Jubilee Metals Group PLC,2026-H1,2025-12-31,,,,,,,,,,,,,,
FTH,Frontier Transport Holdings Limited,2025-H1,2025-09-30,2952118000,ZAR,4.027705783913632,437482000.000001,ZAR,490547000,ZAR,356468000,ZAR,620577000,ZAR,1.1988,ZAR,-9.490373725934308
ART,Argent Industrial Limited,2025-H1,2025-09-30,2793017000,ZAR,11.668597766001938,862074000,ZAR,387327000,ZAR,286161000,ZAR,457687000,ZAR,5.2772,ZAR,17.417230331078677
BWN,Balwin Properties Ltd.,2025-H2,2026-02-28,2698369000,ZAR,21.36506684285733,710148000,ZAR,354635000,ZAR,245310000,ZAR,389973000,ZAR,0.5113,ZAR,6.078838174273858
ZED,Zeder Investments Limited,2025-H2,2026-02-28,15000000,ZAR,-70.58823529411765,,,-23000000,ZAR,-421000000,ZAR,,,-0.2742,ZAR,-164.67181467181467
QFH,Quantum Foods Holdings Ltd,2025-H2,2025-09-30,7146536000,ZAR,12.862466095237343,1455489000,ZAR,979110000,ZAR,278637000,ZAR,,,1.3705,ZAR,73.92131979695431
OAS,Oasis Crescent Property Fund,2025-H2,2026-03-31,156084000,ZAR,7.2366387039594375,84307000,ZAR,93944000,ZAR,125343000,ZAR,94075000,ZAR,1.9157,ZAR,-6.796730563393993
SCD,Schroder European Real Estate Investment Trust Plc,2025-H2,2025-09-30,403007395.72232467,ZAR,-8.186433923759902,243138684.90752628,ZAR,187073516.8412279,ZAR,44767392.67381305,ZAR,187073599.75652176,ZAR,0.33897217391304346,ZAR,330.19422574788865
NVS,Novus Holdings Ltd.,2025-H1,2025-09-30,4243197000,ZAR,5.325896904063807,1353386000,ZAR,292292000,ZAR,245577000,ZAR,564645000,ZAR,0.7355,ZAR,-26.37637637637637
GML,Gemfields Group Limited,2025-H2,2025-12-31,2412654491.99132,ZAR,-38.45288443004857,158809188.89229202,ZAR,-531019683.79796803,ZAR,-680551896.535325,ZAR,40235100,ZAR,-0.484,ZAR,61.529290199507194
UPL,Universal Partners Ltd.,2026-Q3,2026-03-31,163549.6422487246,ZAR,-99.74003823283729,-37209750.698467456,ZAR,-5978142.555366292,ZAR,-17438125.894378416,ZAR,-5978052.470187394,ZAR,-0.23872572402044295,ZAR,62.95230894838593
MMP,Marshall Monteagle PLC,2025-H1,2025-09-30,1577961583.4300401,ZAR,39.15334753011524,100938194.101797,ZAR,-28854695.977410402,ZAR,115423573.87686999,ZAR,-28420590,ZAR,3.059,ZAR,175.16416299361342
ACL,ArcelorMittal South Africa Limited,2025-H2,2025-12-31,32291000000,ZAR,-16.33588972950565,1937000000,ZAR,-4262000000,ZAR,-3012000000,ZAR,-3061000000,ZAR,-2.7023,ZAR,48.41560722330393
EMN,eMedia Holdings Limited Class N,2025-H1,2025-09-30,3125046000,ZAR,-0.6387641106775669,1317401000,ZAR,429545000,ZAR,227794000,ZAR,532407000.00000006,ZAR,0.5076,ZAR,-5.03274087932646
EMH,eMedia Holdings Limited,2025-H1,2025-09-30,3125046000,ZAR,-0.6387641106775669,1317401000,ZAR,429545000,ZAR,227794000,ZAR,532407000.00000006,ZAR,0.5076,ZAR,-5.03274087932646
CPR,Copper 360 Limited,2025-H1,2025-08-31,141500000,ZAR,71.70037980366699,-230343000,ZAR,-481770000,ZAR,-373237000,ZAR,-458444000,ZAR,-0.4292,ZAR,-156.69856459330146
EPS,Eastern Platinum Limited,2025-Q4,2025-12-31,1045357479.8070102,ZAR,-7.647464617267666,26813403.733926535,ZAR,-198607812.69711584,ZAR,-313674453.17042595,ZAR,-172778557.6,ZAR,-1.5449976666666667,ZAR,-32.59363452133224
BRN,Brimstone Investment Corporation Limited Class N,2025-H2,2025-12-31,413736000,ZAR,-81.42400849114294,27848000,ZAR,27848000,ZAR,44025000,ZAR,,,0.1624,ZAR,
TPC,Transpaco Limited,2026-H1,2025-12-31,2412175000,ZAR,-1.3247379179639354,649216000,ZAR,200512000,ZAR,140356000,ZAR,220767000,ZAR,5.0127,ZAR,2.0916496945010095
SSK,Stefanutti Stocks Holdings Limited,2025-H1,2025-08-31,7687342000,ZAR,4.234184688195417,,,366902000,ZAR,177019000,ZAR,493771000,ZAR,1.0435,ZAR,744.2556634304207
DNB,Deneb Investments Limited,2025-H1,2025-09-30,4139515000.0000005,ZAR,16.364902369933645,961949000,ZAR,280074000,ZAR,158620000,ZAR,,,0.353,ZAR,66.58801321378007
ACT,AfroCentric Investment Corporation Limited,2025-H2,2025-12-31,7303235000,ZAR,-17.64536934463024,3248362000,ZAR,285821000,ZAR,-1279311000,ZAR,671991000,ZAR,-1.5658,ZAR,-621.9333333333334
APF,Accelerate Property Fund Ltd.,2025-H1,2025-09-30,817836000,ZAR,5.612942633440561,492356000,ZAR,-513533000,ZAR,-964999000,ZAR,-501853000,ZAR,-0.521,ZAR,-0.25014431402731724
MTA,Metair Investments Limited,2025-H2,2025-12-31,17868275000,ZAR,51.17990512566276,2853265000,ZAR,871638000,ZAR,-451915000,ZAR,1485274000,ZAR,-2.3227,ZAR,-110.8861449064827
SNV,Santova Limited,2025-H1,2025-08-31,805575000,ZAR,30.238141429818604,,,166887000,ZAR,133491999.99999999,ZAR,212880000,ZAR,1.0292,ZAR,3.89662830607711
BCF,Bowler Metcalf Limited,2026-H1,2025-12-31,983751000,ZAR,10.993507944137178,155415000,ZAR,155424000,ZAR,131116000.00000001,ZAR,188751000,ZAR,1.9163,ZAR,13.464385102729576
EPE,EPE Capital Partners Ltd. Class A,2026-H1,2025-12-31,357119000.001134,ZAR,,329239000.001086,ZAR,343864000.000355,ZAR,182032000.000112,ZAR,343864000,ZAR,0.7099,ZAR,-27.264344262295083
YRK,York Timber Holdings Limited,2026-H1,2025-12-31,1966148000,ZAR,3.4183340697258515,846637000,ZAR,482883000,ZAR,313172000,ZAR,595736000,ZAR,0.6744,ZAR,70.6909643128322
GPL,Grand Parade Investments Limited,2026-H1,2025-12-31,332000,ZAR,-99.96227714256172,,,-47454000,ZAR,52451000,ZAR,,,0.1228,ZAR,
MST,Mustek Limited,2026-H1,2025-12-31,7063279000,ZAR,-10.651449551181365,896509000,ZAR,104784000,ZAR,71488000,ZAR,173042000,ZAR,1.3206,ZAR,
NTU,Nutun Limited,2025-H2,2025-09-30,2154000000,ZAR,-30.08763388510224,359000000,ZAR,473000000,ZAR,-238000000,ZAR,,,-0.3034,ZAR,76.45141260478113
TEX,Texton Property Fund Limited,2026-H1,2025-12-31,271259000,ZAR,-7.032719969566008,147214000,ZAR,85236000,ZAR,93575000,ZAR,93284000,ZAR,0.3063,ZAR,128.2414307004471
SZK,SAB Zenzele Kabili Holdings (RF) Limited,2025-H2,2025-12-31,123196000,ZAR,44.42503604881537,,,792081000,ZAR,402823000,ZAR,792081000,ZAR,17.8564,ZAR,
ENX,enX Group Limited,2025-H2,2025-08-31,,,,,,,,,,,,,,
ADR,Adcorp Holdings Limited,2025-H1,2025-08-31,12861840000,ZAR,-3.2438537229274824,1277296000,ZAR,201528000,ZAR,163694000,ZAR,269848000,ZAR,1.5332,ZAR,98.2415309025084
RMH,RMB Holdings Limited,2025-H2,2025-09-30,13000000,ZAR,-35,,,-44000000,ZAR,-245000000,ZAR,-44000000,ZAR,-0.1816,ZAR,-102.00222469410458
NWL,Nu-World Holdings Limited,2026-H1,2026-02-28,2320358000,ZAR,-0.7782149419492448,,,113263000,ZAR,91540000,ZAR,123613000,ZAR,4.4324,ZAR,16.20176174496645
FGL,Finbond Group Limited,2025-H1,2025-08-31,1467604000,ZAR,34.26551674609194,943104000,ZAR,-133217999.99999999,ZAR,95161000,ZAR,263954999.99999997,ZAR,0.1987,ZAR,913.7755102040816
HLM,Hulamin Limited,2025-H2,2025-12-31,13048824000,ZAR,-4.299678571955049,1180427000,ZAR,111241000,ZAR,-147568000,ZAR,288749000,ZAR,-0.4784,ZAR,-164.7273711270464
PBT,PBT Holdings Limited,2025-H1,2025-09-30,1105961773,ZAR,3.0133383700710765,246950305,ZAR,139269181,ZAR,70359991,ZAR,145408870,ZAR,0.7068,ZAR,13.214800576645846
AEG,Aveng Limited,2026-H1,2025-12-31,28568744062.6534,ZAR,-19.53102282971213,1310152385.0333998,ZAR,-192808746.961012,ZAR,-710430980.141947,ZAR,524700730,ZAR,-5.4221,ZAR,-694.0978324545988
SEP,Sephaku Holdings Limited,2025-H1,2025-09-30,1234137822,ZAR,7.241071030442449,343411232,ZAR,107137361,ZAR,77616307,ZAR,153159810,ZAR,0.3359,ZAR,3.83307573415764
NRL,Newpark REIT Ltd.,2025-H1,2025-08-31,127831000,ZAR,-2.3713875481151097,96885000,ZAR,87095000,ZAR,49651000,ZAR,87274000,ZAR,0.4965,ZAR,
CGR,Calgro M3 Holdings Limited,2025-H1,2025-08-31,821927517,ZAR,-25.458538569500007,236429471,ZAR,152752731,ZAR,147508085,ZAR,156912270,ZAR,1.5169,ZAR,-27.525083612040135
4SI,4Sight Holdings Limited,2025-H1,2025-08-31,1037369000.0024,ZAR,0.7315735044907655,448315000.001032,ZAR,54304000.0001046,ZAR,48624000.0001011,ZAR,59455000,ZAR,0.0871,ZAR,28.46607669616519
ANI,Afine Investments Limited,2025-H1,2025-08-31,52116970,ZAR,19.761574208971556,,,46066539,ZAR,72742638,ZAR,46066540,ZAR,1.0028,ZAR,4.252001247530922
ISA,ISA Holdings Limited,2025-H1,2025-08-31,141407000,ZAR,46.11481948376697,61119000,ZAR,28131000,ZAR,27498000,ZAR,,,0.1945,ZAR,-10.697887970615238
VUN,Vunani Limited,2025-H1,2025-08-31,777307000,ZAR,11.921803749123482,534241000,ZAR,43169000,ZAR,-6978000,ZAR,69442000,ZAR,-0.0439,ZAR,-84.45378151260503
MHB,Mahube Infrastructure Ltd.,2025-H1,2025-08-31,19719178,ZAR,-51.9210909315399,,,-21326071,ZAR,-21348143,ZAR,-21305020,ZAR,-0.3871,ZAR,-133.47168179853003
GRSP,Goldrush Holdings Limited Non-Cum Pref Registered Shs,2025-H1,2025-09-30,,,,,,,,,,,,,,
CKS,Crookes Brothers Limited,2025-H1,2025-09-30,806955000,ZAR,6.710437576863569,,,82056000,ZAR,49865000,ZAR,142378000,ZAR,3.2866,ZAR,27.88326848249028
AME,African Media Entertainment Limited,2025-H1,2025-09-30,341126000,ZAR,13.262412760390726,241937000,ZAR,64241000,ZAR,58290000,ZAR,70273000,ZAR,8.4121,ZAR,0.7944115603057827
CCC,Cilo Cybin Holdings Limited,2025-H1,2025-09-30,18547755,ZAR,,10887981,ZAR,6956849,ZAR,-213394226,ZAR,8976920,ZAR,-2.878,ZAR,
PPR,Putprop Limited,2026-H1,2025-12-31,137842000,ZAR,-5.007959533867645,85639000,ZAR,58633000,ZAR,52740000,ZAR,,,1.2437,ZAR,58.95961145194275
DLT,Delta Property Fund Limited,2025-H1,2025-08-31,1149436000,ZAR,-5.1178931449948655,720177000,ZAR,551149000,ZAR,-83079000,ZAR,553244000,ZAR,-0.1163,ZAR,20.505809979494195
HUG,Huge Group Limited,2025-H1,2025-08-31,62374000,ZAR,-60.25475089986598,62264000,ZAR,-53340000,ZAR,-60178000,ZAR,-50296000,ZAR,-0.3648,ZAR,-280.2371541501976
TMT,Trematon Capital Investments Limited,2025-H2,2025-08-31,297567660,ZAR,-47.546971292439814,,,-2124070,ZAR,-63836026,ZAR,11263410,ZAR,-0.2866,ZAR,-527.133479212254
ISB,Insimbi Industrial Holdings Limited,2025-H1,2025-08-31,5032258000,ZAR,-4.474981017463933,286185999.999999,ZAR,35633000,ZAR,-109745000,ZAR,54739000,ZAR,-0.3421,ZAR,-432.86604361370723
PMV,Primeserv Group Limited,2025-H1,2025-09-30,1099065000,ZAR,8.510297995689465,131051999.99999999,ZAR,36900000,ZAR,33211000,ZAR,,,0.449,ZAR,26.47887323943663
SOH,South Ocean Holdings Limited,2025-H2,2025-12-31,2502283000,ZAR,-2.558314317089697,80406999.9999999,ZAR,33484000,ZAR,-15278000,ZAR,72927000,ZAR,-0.0752,ZAR,-145.11097780443913
AOO,African and Overseas Enterprises Limited,2026-H1,2025-12-31,676847000,ZAR,-0.5147358194103321,364421000,ZAR,53147000,ZAR,170000,ZAR,146959000,ZAR,0.0112,ZAR,
NCS,Nictus Ltd.,2025-H1,2025-09-30,116201000,ZAR,23.78928305102802,7174999.99999999,ZAR,-35859000,ZAR,28402000,ZAR,-33015000,ZAR,0.5314,ZAR,35.11314518179507
TRL,Trellidor Holdings Ltd.,2026-H1,2025-12-31,223921493,ZAR,-61.25661976725709,89912396,ZAR,849298,ZAR,-67281555,ZAR,18690610,ZAR,-0.7067,ZAR,-259.9230595157275
MTU,Mantengu Limited,2025-H1,2025-08-31,444615000,ZAR,109.04073006633975,91849000,ZAR,-54808000,ZAR,219268000,ZAR,-20448000,ZAR,1.188,ZAR,822.360248447205
RHB,RH Bophelo Ltd.,2025-H1,2025-08-31,29189212,ZAR,-33.4658384356961,21851040,ZAR,68204945,ZAR,43804147,ZAR,69140420,ZAR,0.6771,ZAR,-76.11218909860646
BIK,Brikor Limited,2025-H1,2025-08-31,326051000,ZAR,-15.315167901677068,15282000,ZAR,-29103000,ZAR,-25104000,ZAR,-12875000,ZAR,-0.0305,ZAR,-444.6428571428571
SKA,Shuka Minerals PLC,2025-H2,2025-12-31,,,,,,,,,,,,,,
RNG,Randgold & Exploration Company Ltd,2025-H2,2025-12-31,0,ZAR,,-27000,ZAR,-14877000,ZAR,-11164000,ZAR,-14850000,ZAR,-0.156,ZAR,7.582938388625596
TLM,TeleMasters Holdings Ltd.,2026-H1,2025-12-31,68881745,ZAR,11.615507992119316,29278935,ZAR,1054971,ZAR,717298,ZAR,6496130,ZAR,0.0127,ZAR,202.3809523809524
LAB,Labat Africa Ltd,2025-H1,2025-11-30,316972000,ZAR,601.5603904296054,187660000,ZAR,215729000,ZAR,154764000,ZAR,222843000,ZAR,0.1302,ZAR,
XII,Numeral Limited,2025-Q3,2025-11-30,56351665.2170283,ZAR,550.3026862738112,34846436.065273106,ZAR,6754494.18143933,ZAR,302016.129769111,ZAR,14288060,ZAR,0.0007,ZAR,-98.95678092399403
VIS,Visual International Holdings Ltd.,2025-H1,2025-08-31,1945216,ZAR,1014.334652818753,,,-3321149,ZAR,4773875,ZAR,-3321330,ZAR,0.0134,ZAR,-55.629139072847686
EUZ,Europa Metals Limited,2026-H1,2025-12-31,,,,,,,,,,,,,,
BAC,Africa Bitcoin Corporation Limited,,,,,,,,,,,,,,,,