symbol,sector,hist_price,fundamental_score,technical_score,risk_score,combined_score,signal,mom_12m,sharpe_1y,max_drawdown_1y,eps_growth_ttm,roe_ttm,net_margin_ttm,revenue_growth_ttm,debt_to_equity,pe_ratio,avg_daily_value
GND,Transportation,2381.0,88.23485296659241,83.0,86.28053482979655,86.27353344925552,STRONG BUY,82.30137973170268,1.9400445691497132,-19.637675296632008,558.6734693877551,21.859491696289,38.4845849438285,11.697426169155827,0.334013473553232,7.555512522592306,4776233498.95
RES,Finance,8369.0,75.1292446245785,97.62839582931625,85.99128632774327,84.05139832663278,STRONG BUY,40.513583317265,1.4992738606452725,-11.876968408955328,58.54781335007324,18.6271336241047,116.403758336211,7.532591720565172,0.522774079821906,6.090067895531799,6150066354.75
EQU,Finance,1814.0,80.26845735086506,92.22240927820428,74.04990391960334,82.61093224281448,STRONG BUY,18.889637112817127,0.5041586599669448,-12.773722627737227,65.17980636237898,11.296112711744,38.846779223741,23.273734052938075,0.722546833369603,9.305003140046054,2524016016.7000003
YYLBEE,Finance,5400.0,89.91882278219737,83.0,61.45357825213078,82.15012704152485,STRONG BUY,116.11709156484392,1.7877981876775653,-25.454545454545453,693.630698075491,60.0214751347658,301.984365773812,5.084693052474447,1.98720358628161,1.333471619279036,499375259.99999994
SEA,Finance,1300.0,88.78949165724994,76.03059931664276,73.76796487997066,81.95751859961194,STRONG BUY,34.12239726657103,0.8973304066642223,-13.037037037037036,45.80174108396516,16.8480583131176,85.9768054809831,22.2374366698617,0.335338885391993,6.095916795069337,805790830.0
APH,Non-energy minerals,1700.0,94.06476628189682,80.0,50.42559734235521,81.11750260941946,STRONG BUY,50.58746998149988,0.868799778529601,-22.88888888888889,73.17094636138054,45.7112254767199,25.499840810585,30.41545435989556,0.0961305862937957,6.855085230645618,99298275.0
NPH,Non-energy minerals,33474.0,93.33118384161087,83.0,44.066961313047955,80.37898418341503,STRONG BUY,149.8184778228679,1.7555801094206631,-32.430794291581364,496.56167910738907,26.2457358919168,22.1820534659145,35.65951380922475,0.3060330243298529,14.786024449366094,51075189889.5
PAN,Non-energy minerals,3087.0,89.42120696797994,70.0,65.0,78.71060348398997,STRONG BUY,181.46224066777972,2.2920866878488915,-26.305130739545568,157.4817510690393,43.4821763002258,29.1174075442987,107.23947668951,0.195157740278797,15.077008116684182,19856671241.4
CFR,Consumer durables,330500.0,83.48375190610813,87.28194652067188,52.17749777330578,78.36195946391678,STRONG BUY,-0.8722139173124699,-0.23520851889118494,-23.69362281932538,226.95929230800925,18.2024117551596,17.4526729897451,12.205473669191033,0.6676131242112849,22.985884007952148,34921720650.0
HYP,Finance,5626.0,64.56821404483142,95.06316668439612,80.86099196925746,76.97525542158604,STRONG BUY,30.252666737584466,1.0717493307714547,-16.75465513258636,11.9356119840147,14.5941886208663,72.3246662158473,5.975220412626279,0.524818547048955,6.183543812575534,4498997148.3
BTI,Consumer non-durables,108000.0,72.40971370301598,82.45305785484504,79.90052314852414,76.92087883766634,STRONG BUY,47.812231419380204,1.408376929043678,-16.3596067040194,144.64536760022938,15.7365556682963,29.9765716516986,-6.537356766385267,0.7317531193923971,13.903355604420907,40280419800.0
ART,Producer manufacturing,3760.0,69.42396031006412,82.68540452783758,86.412173266503,76.80003616668392,STRONG BUY,48.74161811135031,1.367681105541917,-8.160280783854928,17.417230331078677,15.278596078333,10.2455874776272,11.668597766001938,0.0745293017234634,7.200788296824075,139184672.0
ANG,Non-energy minerals,155606.0,78.50711447380179,83.0,59.23446062459466,76.00044936181983,STRONG BUY,113.1645389170711,1.6028717187162216,-29.892941315835518,,45.3850676070124,31.1123052122664,126.6715843117525,0.267838312829526,13.671263239738286,167837814205.6
BHG,Non-energy minerals,70413.0,63.742430140360014,93.0,80.82136703108164,75.93548847639633,STRONG BUY,55.173632928159265,1.4851139192568032,-15.783455259102979,-13.276996753056435,21.278041715691,18.951950998927,-2.628875926572403,0.555895014581308,20.258822203138624,24865185614.850002
VKE,Finance,2349.0,79.19383218868978,72.32857327806134,70.82896175753463,75.46128042927022,STRONG BUY,19.314293112245352,0.6524134797945522,-16.084452975047984,134.04870828848223,15.5445064708944,78.7415893798873,17.31450270939113,0.835102618542109,6.720515105349392,5138857971.0
FFB,Finance,2586.0,71.81708024129068,78.29181705431714,75.4144173664724,74.47896871023497,STRONG BUY,31.167268217268518,1.034534780539367,-16.822980709557637,23.23136168923888,11.2205658450469,54.7507637757391,24.063373384070008,0.7884260614600601,8.855337078651685,7117059382.799999
GFI,Non-energy minerals,67824.0,93.70025583413215,55.0,55.41859075657385,74.43384606838084,STRONG BUY,82.97758166993532,1.284882563047821,-28.800311950098,177.8418586100309,52.9923450771298,40.5106495098457,63.76856547609634,0.381993691151009,9.849286338730352,113819934175.2
OCT,Finance,1682.0,64.7198316121175,80.0,90.06090093197484,74.37209599245372,STRONG BUY,64.11874818061973,1.6717417443312368,-7.7986866220087085,54.01420410683958,8.09883554248837,24.1623593202696,3.49736193415782,0.65517131351297,8.520876146559068,380838187.7
SBP,Finance,15700.0,76.76592185909387,73.0,69.70797329349458,74.22455558824585,STRONG BUY,53.93679311305968,1.1423311077912146,-17.27273098564613,27.666202006642926,20.1908518222066,802.242110826988,39.99920001599968,0.0,5.29096962916032,84859285.0
GNDP,Transportation,10051.0,88.23485296659241,56.69753098989487,63.14211958764817,73.7551096977943,STRONG BUY,4.790123959579495,0.01184329897068078,-10.909095269146988,558.6734693877551,21.859491696289,38.4845849438285,11.697426169155827,0.334013473553232,32.758843273947846,26081339.900000002
VOD,Communications,15395.0,69.06877009573263,84.6979714806514,68.49182329283816,73.64214115062937,STRONG BUY,16.791885922605587,0.45765194106984675,-13.837053299182827,20.076941287878785,22.3727197369063,12.4288173751821,10.175820240219128,1.0183244376256,15.133920209777113,30280051401.5
MDI,Non-energy minerals,1720.0,69.85679440077905,92.77275610938501,53.66299713815316,73.49282346083567,STRONG BUY,21.09102443754005,0.4719164281794302,-18.229166666666664,73.8844324895528,15.2599724487721,10.5123804088014,5.013231656317842,0.323724763565944,4.751249965470567,233691498.0
PMR,Distribution services,17664.0,70.37466292716915,76.04265547506049,74.5630957596266,72.91274725802805,STRONG BUY,34.17062190024191,0.9635913133022176,-10.28236547682472,26.799219020315373,27.6020579454474,6.63825995433921,8.297053621154028,0.481049237413377,17.322704193507516,3800466124.8
DCP,Retail trade,3700.0,64.18199151504095,90.96645465589347,66.64505451221129,72.70994305673078,STRONG BUY,13.865818623573878,0.3037545426842733,-14.873566928728883,16.34467706733489,23.577119075314,3.02127268327689,7.617643869136365,0.967939653035165,25.76947127075662,3137140460.0
DSY,Finance,26500.0,71.13641449234554,74.35537060699696,73.16293567136677,72.5074055625452,STRONG BUY,27.421482427987808,0.84691130594723,-16.18984415527294,31.012704767351607,15.9038474215025,12.3318945933667,11.909089753530528,0.278786210692906,16.5996270727707,34211038900.000004
DIB,Finance,711.0,73.16471459272698,75.62896877061492,65.58028469185618,72.38710486591921,STRONG BUY,32.51587508245966,0.798357057654681,-11.1731843575419,20.342432950191576,14.135499478833,61.6100837669336,1.685218388625465,0.584679686821745,7.034125957616157,1704537819.8999999
CPI,Finance,428500.0,77.79700464624224,62.85273813042363,70.6797106350875,71.8902658892657,STRONG BUY,21.410952521694515,0.6399758862572912,-14.757050920040532,22.47498315363881,30.5059765858222,25.126707596694093,18.818535090184408,0.0611845164287537,29.530757078808247,94680952925.0
ADH,Commercial services,4357.0,63.04163153360136,77.68199693330268,84.40507016247227,71.70642887928594,STRONG BUY,40.72798773321074,1.200422513539356,-8.620163808478692,16.511651165116515,20.0228521682355,13.8043385063877,9.504025538107646,0.445509195881198,18.65236051502146,1658214726.9499998
HCI,Consumer services,16513.0,83.17462208902154,63.557539196539814,54.883624118626585,71.63129762719804,STRONG BUY,24.230156786159252,0.5736353432188821,-20.148687673667215,588.6816494616905,28.541444431597,25.6635981168808,1.5730706526861045,0.583661859812819,2.1919780761970142,677408670.75
DRD,Non-energy minerals,4449.0,94.99987175317132,48.0,46.79759138767842,71.25945415412134,STRONG BUY,72.4757103378642,1.1497992823065355,-28.615437263304706,86.53232747708977,34.6971200511895,35.0450756372479,29.164662271145197,0.0012824682867896,12.287606536018671,4518750309.75
FSR,Finance,8776.0,77.21074147670669,61.732054453070326,69.16701453866162,70.95838998200676,STRONG BUY,16.92821781228131,0.5139178782218019,-13.418552993338103,10.673278764739862,21.3349030380326,29.649924687061755,2.349812966845374,0.217429402518564,11.181689728477412,133834391409.59999
BOX,Consumer services,8652.0,64.38850645383616,79.45819924550008,74.53226921147525,70.93816684286315,STRONG BUY,35.83279698200037,0.9610224342896044,-13.7548300955166,13.563226064895176,59.0848680463262,3.30557443915704,10.35258814703676,1.64541353383459,25.40639054645933,2919494541.6
S32,Non-energy minerals,4925.0,61.619840564658965,88.60633498935252,67.56965490386236,70.9057517599077,STRONG BUY,44.425339957410095,0.964137908655197,-19.725380759696183,85.71082397958125,3.99464083144234,6.75533753524902,-3.326378923021463,0.182713111207269,44.92418018615051,12872152621.25
FTB,Finance,676.0,68.28967678320556,70.30121463189012,76.5012648704008,70.53545575524998,STRONG BUY,39.20485852756048,1.1251054058667331,-16.445623342175068,28.977179445082907,15.4523062978557,67.1890975098838,5.205031273096844,0.361638923734462,8.566700610997962,1663248111.2
SUR,Consumer non-durables,4200.0,71.39935924540367,73.86913495350792,62.700061195485894,70.40043234785139,STRONG BUY,25.476539814031685,0.5583384329571579,-11.850109842824644,19.21989634515716,33.9003721337175,7.24261363678621,8.51263413597467,0.1148671146277959,11.92378263937897,137129790.0
CLI,Miscellaneous,1920.0,66.61021099032067,83.0,60.73405667238737,70.3519168296378,STRONG BUY,67.10576893042848,1.0611713893656138,-14.907280112571797,-10.710088148873648,13.2286881502546,16.3610322949642,53.83580740005159,0.1123804759038969,10.486480557231394,139626048.0
OMN,Process industries,9727.0,53.756133984685924,89.54836003331667,82.75157373565528,70.29288974946901,STRONG BUY,36.19344013326666,1.229297811304607,-13.687156166621254,2.238303601480985,12.0927861330614,5.13264378759683,1.775017618040874,0.0945890968266884,13.257887517146775,3930387917.3
ATT,Finance,1697.0,66.86482665004945,76.149160164459,69.89545803420773,70.25625298120397,STRONG BUY,22.59664065783604,0.5746215028506443,-11.724960782508042,4.501374267489498,10.891782916614,47.7231989365913,7.97632100592515,0.618702683278406,8.18321671381073,1543520435.1000001
PPC,Non-energy minerals,668.0,65.2968174972001,80.81817300254644,66.72272586941253,70.23840582324648,STRONG BUY,41.27269201018577,0.8935604891177105,-14.22087745839637,409.4614264919942,9.32417780990242,5.06577655605733,13.771920026806658,0.1163405605499739,18.914285714285715,1668311630.0
SSS,Finance,1771.0,60.61553123673763,83.93640940593124,72.99120534747013,70.08692950964222,STRONG BUY,13.74563762372496,0.41593377895584455,-12.611198325484041,-12.968930262163347,12.8291996454879,74.1862495781919,7.52450463310007,0.5502821593152161,7.967271563742743,992431740.3000001
ABG,Finance,23018.0,61.48299482840023,79.37367732684473,76.699229967827,69.89344660581894,STRONG BUY,35.494709307378926,1.141602497318917,-16.99545433978038,2.183195751535757,13.3583895846175,16.825983548196515,-0.9763789488903348,2.6043407903208,8.699325279939051,58252163599.600006
RDF,Finance,622.0,67.36122229587907,67.87195356198212,77.99341276051521,69.64087976863722,STRONG BUY,41.48781424792851,1.2494510633762679,-15.151515151515152,39.13720604267248,11.3310868453258,55.6364909435716,3.443950254133921,0.756320764463618,6.92858741884934,7563848073.9
LTE,Finance,753.0,84.30840703142457,52.911494308164585,58.0,69.62765180816166,STRONG BUY,-10.354022767341654,-1.3436443290598956,-16.399318784629248,49.14099526066349,11.9705189198676,69.81591435166,36.62164910766567,0.718231843169242,7.418073485600796,1317935275.65
RBO,Process industries,600.0,74.20691457715667,65.0,64.65825105950749,69.53510750047982,STRONG BUY,62.71271276656054,1.3881875882922914,-22.352201608467794,92.42849130678631,19.5164202083201,5.52056888738849,10.265807678601428,0.049004589080785,5.829204313611192,37950630.0
FGL,Finance,114.0,74.11968687246096,85.0,33.00112984717591,69.16006940566567,STRONG BUY,52.062910955694264,0.8334274872646591,-31.005941915332574,913.7755102040816,14.1599886316544,6.48410606675915,34.26551674609194,4.503570662421391,5.737292400603926,9944784.299999999
SDO,Commercial services,1192.0,69.31257095507497,73.0,62.18343073826283,68.99297162519005,STRONG BUY,54.82877070982568,1.1819525615219022,-24.28570793210775,24.442988204456093,16.24502944207,17.7914466998045,14.229507993286449,0.121284959454765,31.09531332280147,345530761.59999996
ZZD,Finance,1450.0,63.0341423142238,75.49882243897702,74.09052633487339,68.98482315577968,STRONG BUY,31.99528975590806,0.9242105279061159,-16.198195133614835,12.82203416294537,21.898785454105,6.31491697350792,1.728249957897305,2.03241977222615,4.002325002075895,798811307.5
GRT,Finance,1645.0,66.6509161119331,70.18367188116441,72.96279013460217,68.97311764723631,STRONG BUY,26.73468752465764,0.8302325112168478,-14.53581159272039,42.31783091696479,7.72964927109123,38.5079743627962,-5.4804170188785575,0.963679555369629,10.88840378381954,14603970965.5
SHP,Retail trade,29297.0,64.06599157783738,81.55022239153637,62.12981200153121,68.92402490668584,STRONG BUY,4.20088956614546,-0.07251566653906627,-13.253623556531705,14.97201646090534,25.7957423506058,2.88926712207987,5.070204693201866,1.86132647077986,21.087256874100696,37439521069.4
SYG,Finance,3200.0,75.5200851345263,72.29342038813238,46.95014325502621,68.8380973347081,STRONG BUY,27.173681552529526,0.7458452712521842,-30.354706866213455,9.209884210993293,43.9406328489119,35.8382331851427,12.772200723225986,0.2296918767507,13.12913840029248,59547840.0
ACS,Finance,1085.0,83.61736910089076,66.0,35.1056587077726,68.6298162919999,STRONG BUY,67.25832860223326,1.0088048923143833,-36.842104160249114,75.13518305114793,13.2641854283897,95.4676558005091,6.698794728746979,0.150208463279574,2.7458622260464645,1138924.5
N91,Finance,4846.0,71.23103682674416,62.28479387427585,71.43501903641916,68.58796038293868,STRONG BUY,27.139175497103384,0.7029182530349309,-17.892156862745097,6.363617566658481,42.7894380501016,21.5581934779643,5.193392280349914,0.208802456499488,11.313070305674325,2029431383.1
EMI,Finance,1524.0,50.25962318380356,92.3487440396724,77.09729114549194,68.25389303290189,STRONG BUY,47.39497615868957,1.1747742621243282,-14.59344204871019,-24.42926525205828,14.5354357418139,93.6931972995065,-20.821332287841845,0.612171233763097,5.155170636148057,321273678.0
SBK,Finance,30592.0,66.96230902475929,65.16432425484001,75.26293606233406,68.08303900129846,STRONG BUY,30.657297019360065,1.0219113385278393,-10.258616012957926,14.123749933151514,18.6756279251986,14.042292754634529,15.05143552518006,1.11608278542318,10.130204846699693,80063692192.0
NY1,Finance,4646.0,70.98830493235398,61.58493350639389,70.02965278443875,67.9755630749829,STRONG BUY,24.339734025575545,0.58580439870323,-18.726790450928384,5.8155574166214965,43.5644675743569,21.5439665586529,4.773370931259606,0.208802456499488,10.745129076561373,1856573192.8
VAL,Non-energy minerals,135800.0,69.33293172818001,83.0,40.89824405933867,67.74611467595774,STRONG BUY,120.05693978380809,1.4915203382782227,-30.778287532020787,118.21566474722351,15.3980577676811,13.2553941373678,6.737500802848046,0.0534471211413958,23.438823583770716,87205877990.0
NPK,Process industries,48500.0,78.44879075044422,55.76340326340326,58.53440612215087,67.66029757867327,STRONG BUY,13.053613053613056,0.2945338435125721,-21.893864312100188,1861.6431502051437,63.4562766772463,10.8103068948801,7.738818637445638,1.76394104583081,3.456229426121329,133445324.99999999
EXX,Energy minerals,21025.0,63.202298675036275,68.76795077924817,76.3195844144648,67.49545145418554,STRONG BUY,45.07180311699264,1.1099653678720673,-14.84552392229257,-0.5258298251928802,13.7574798566778,18.1082569246606,2.5684468999386127,0.231817775792765,6.609820178405676,18132457241.25
BWN,Industrial services,384.0,59.07252955903766,83.0,64.58456696463199,67.35317817244523,STRONG BUY,87.31707317073172,1.3820472470526652,-15.737704918032788,6.078838174273858,5.59077407185367,9.09104722148824,21.36506684285733,0.709009969013644,7.627615881087425,24581836.799999997
KST,Finance,2681.0,68.42778703639384,58.72158202890424,75.29479009255843,66.88932614537988,STRONG BUY,32.88632811561696,1.0245658410465361,-10.679273729361103,37.36483780536645,32.7185797818665,21.1868148169293,-8.343645207569738,0.0600099962403521,19.489795918367346,1558487016.1
MTU,Finance,37.0,88.28082290338469,64.31818181818181,14.504129011172529,66.3366917993814,STRONG BUY,-32.72727272727273,-0.12465591573562257,-60.0,822.360248447205,72.2267057114529,49.3163748411547,109.04073006633976,1.2896349615268698,0.3114478114478115,10311413.45
SUI,Consumer services,4719.0,69.53745140181711,64.79251592226376,59.28474800710562,66.06343007900881,STRONG BUY,17.17006368905507,0.35706233392546816,-23.34209390521057,32.86912549664889,52.9586776859504,15.121767037946,2.5854556018204704,1.75924200062131,7.093665992086266,2020378974.8999999
WVR,Finance,6499.0,60.60514724679927,86.0,49.291583002119495,65.96089022382354,STRONG BUY,109.75828697936892,1.3576319168432909,-24.916128010982035,-3.348225618114431,10.2746693794507,7.40604949587534,23.221142986220915,1.14310776942356,17.068942875902824,21522413.35
MTM,Finance,3676.0,71.05135698948838,59.083382673976615,63.45129460448736,65.94095221783465,STRONG BUY,6.333530695906453,0.03760788370727972,-15.125429708580477,23.72459560348404,18.4893519227823,3.06039642125337,27.795386340508557,0.152418800609556,8.159570901776735,6724921085.2
DTC,Technology services,7560.0,52.99515710617348,85.36896676148365,69.15568953338729,65.93940648820929,STRONG BUY,19.475867045934557,0.5129741277822739,-19.088832792402933,38.28405847621953,17.3897019291081,2.91578708138202,-47.67754467028288,1.43916697562664,11.868412345795717,3222922500.0
JSE,Finance,15629.0,66.34703589488248,62.395094327385706,69.82271978379642,65.85659020241624,STRONG BUY,19.58037730954283,0.5685599819830344,-13.262155970795334,16.736810665508155,21.9704550656982,13.6910665501122,2.9012684471710184,0.0364988197041568,12.035292567007032,1836359831.55
HAR,Non-energy minerals,26509.0,81.85653235575704,63.01693160196964,25.652672751018386,64.96388020867309,BUY,2.067726407878556,0.2210560625848654,-44.24720317868327,54.32323838080959,33.3149114727254,18.3432886284233,27.746263929281007,0.24851592012952,10.542718801246629,97638142315.7
KIO,Non-energy minerals,31541.0,74.12681023039363,62.2468552828808,45.98889853539683,64.93524140714042,BUY,-1.012578868476799,-0.16759178871693073,-23.628700171469983,-0.5733606153778827,27.11917887039,20.2623805627592,-2.266166086119733,0.0036950071897923,6.899314382559124,6941913886.75
HDC,Distribution services,19250.0,65.54916104226612,70.35193732147756,54.738022147072904,64.82776614699091,BUY,-0.5922507140897593,-0.10516482107725801,-15.850540844029643,11.981605918685933,16.2425256188735,6.56428251286899,4.404998870424357,0.365400609925146,9.800534400113143,192359475.0
IVT,Distribution services,3650.0,71.65857545220601,46.16820699985634,74.2641223127208,64.53257428860407,BUY,14.672827999425353,0.3553435260600667,-9.666666666666666,80.6636417800999,14.4988206192421,8.88032118086018,4.494308056651985,0.415237543090119,4.629747076283011,37045857.5
TKG,Communications,5700.0,62.79250614235949,70.0,60.65546942068576,64.5273469553169,BUY,50.072149330119075,1.0546224517238136,-21.428571428571427,303.44189766790805,11.5770491803279,7.91668535043272,5.099203543993591,0.399056325567679,3.531489111241907,5176413390.0
CMH,Retail trade,3750.0,70.99601284229708,55.28028893860026,61.05958666742662,64.29401043621394,BUY,19.12115575440103,0.42163222228555197,-17.525,32.35664935195924,27.0879236612871,2.48833474739978,18.56073789149624,1.45035486556185,7.429986664126501,107025187.5
SSU,Consumer services,1020.0,57.166172219855994,72.57906380756978,68.69100758972245,64.09500677014341,BUY,20.316255230279157,0.47425063247687044,-14.968999114260406,9.042705646317003,11.5523874179679,15.0923872875092,8.709625582516471,0.27443032427695,13.365751084242344,1163405319.0
CML,Finance,4491.0,73.11413752973942,46.48872443873706,67.59032387001098,64.02175087049302,BUY,15.954897754948227,0.3825269891675816,-18.048309178743963,-28.56055319418892,64.175654853621,37.8808549340609,3.2879286049788634,0.182699478001491,9.932510434242074,1981279649.7
INPPR,Finance,8700.0,67.08944441007316,73.67877580982667,41.0,63.84835494798458,BUY,12.715103239306668,2.650470017426543,-99.02367859629103,3.4485536963147885,12.2083280189676,29.450740366681245,-1.490114452398403,1.45264591984992,5.008134050644294,1480740.0
NPN,Technology services,86842.0,90.86508070144923,37.94367118057407,35.0,63.815641704896834,BUY,-18.2253152777037,-0.8897697114359658,-35.32663893012895,85.42800422137105,26.6602473533711,73.0092761278051,11.466393342365452,0.748373012604004,6.884510190370967,145107463190.9
INP,Finance,13317.0,67.08944441007316,55.01992219530895,66.3991860491958,63.33053607346842,BUY,10.079688781235818,0.28326550409964985,-15.291514849861665,3.4485536963147885,12.2083280189676,29.450740366681245,-1.490114452398403,1.45264591984992,7.621574118451777,23978688745.8
INL,Finance,13125.0,67.08452291142834,54.817206425397195,65.61226838738006,63.10987706080933,BUY,9.268825701588778,0.21768903228167102,-15.220714391811384,3.084838944623253,12.4437298818585,29.4612888588956,-1.9093620681531056,1.45264591984992,7.399831342875376,9872309343.75
PRX,Technology services,76300.0,93.61217189152825,30.96194242966794,35.0,63.094668674664504,BUY,-18.15223028132824,-1.0096818776481857,-40.339521013818775,91.4093273406516,27.2505523384291,198.640714978528,20.48091966444754,0.321040078060063,7.0922559970811685,102164528795.0
LEW,Retail trade,8263.0,76.98542560001897,44.0086901812625,55.55586826142665,62.80649350667357,BUY,6.0347607250500035,0.04632235511888754,-21.18836393645554,52.79383429672448,16.0562038097748,8.09788221820004,12.318241334160293,0.525663093654644,5.626516969721624,106968666.5
AFH,Finance,781.0,74.61062315226289,62.70514038626822,32.70160727296984,62.65717514660588,BUY,-11.179438454927116,-0.44153272725251325,-30.276870797468764,40.52888222055513,18.8781746570691,11.6728249916023,10.300111152278625,0.241388589881593,10.863472574402778,72271982.75
THA,Non-energy minerals,2893.0,50.99826608992443,83.0,60.39014066387463,62.47716117773714,BUY,97.92529443107281,1.6991783886562195,-27.569440351101367,-6.5438895005505,10.9027621576122,13.0623639651019,-18.60051065159286,0.133059667559238,6.0060831941053,86699015.14999999
INPR,Finance,9459.0,67.08452291142834,54.41178594824714,62.70306013794615,62.40640926777755,BUY,-4.352856207011435,-0.44141165517115394,-14.69066257223256,3.084838944623253,12.4437298818585,29.4612888588956,-1.9093620681531056,1.45264591984992,5.354293919226913,121992723.0
MTN,Communications,20810.0,49.82208394781481,80.0,66.88946561773491,62.288935097454385,BUY,73.23015665913084,1.5741221348112422,-21.652766635490263,,15.0959983907138,8.93752729293758,20.58818836070021,1.01189679786478,18.883551131977807,87010184117.5
IMP,Non-energy minerals,24246.0,54.5343915977401,90.0,40.04706204782236,62.276608208434524,BUY,117.96193043310925,1.4205885039851966,-40.100814822227385,,8.57427820974084,7.8978759427428,21.93353899569517,0.0310068732417588,26.690867614963643,69363262299.6
ADR,Commercial services,644.0,59.0314917455253,80.0,43.166232469712554,62.14899236670516,BUY,57.25063671233628,0.8471860391427131,-27.495150116531352,98.2415309025084,11.2500678671302,1.27271059195263,-3.2438537229274824,0.2425377980153729,4.232976780589617,31080985.6
FTA,Finance,1810.0,68.28967678320556,72.2964290993918,27.886103456890716,61.41098781279847,BUY,7.185716397567199,0.9905086214075597,-99.01280686410495,28.977179445082907,15.4523062978557,67.1890975098838,5.205031273096844,0.361638923734462,23.039714867617107,27919340.5
PMV,Commercial services,275.0,67.86019315402753,68.56451924343648,32.85545562968636,61.07054347598198,BUY,12.25807697374588,1.4046213024738632,-99.01000004222094,26.47887323943663,15.2700571517902,3.02175030594187,8.510297995689465,0.0136207283978359,6.124721603563475,2717550.0
IOC,Technology services,414.0,72.1259920018063,41.3955223880597,62.48840592366151,60.979333902053355,BUY,23.582089552238816,0.5407004936384593,-19.017094017094017,108.80341880341877,42.2119891512685,5.41859111525353,1.0312333355745262,0.828295647306768,8.493655341792877,327564976.5
BID,Consumer services,41498.0,60.497755317827014,62.34736968353678,58.0,60.55308856397455,BUY,-12.610521265852858,-1.1118946582612834,-16.89076036401937,10.686793284160672,19.4209441808823,3.60871688722507,6.0342232053650005,0.525935864951511,15.818482454528754,37263915487.1
AME,Consumer services,4011.0,66.97316190843263,63.569780896528286,39.90668830610131,60.53885288439507,BUY,4.279123586113132,1.9922240255084422,-99.21456121896925,0.7944115603057827,18.8774568383417,17.0875277756606,13.262412760390726,0.0074659706520584,4.768131619928436,1458600.15
QFH,Process industries,951.0,72.37065405619654,61.364824922019025,29.196248145238744,60.43402413375173,BUY,15.45929968807609,0.5163540121032287,-34.634633251918174,73.92131979695431,12.4120309439931,3.8989099054423,12.862466095237345,0.0561272845849439,6.93907333090113,1344286.05
SNV,Transportation,768.0,66.31715422646126,69.16666666666666,32.34969461181129,60.37851603559288,BUY,6.666666666666665,0.19580788431760734,-34.35897435897436,3.89662830607711,10.7206947105259,16.5710206995004,30.238141429818604,0.335430824860848,7.452390205985232,25607385.599999998
PPE,Finance,185.0,67.13749633343356,55.0,51.138287975399194,60.29640576179662,BUY,56.779661016949156,0.9281906646165997,-28.846153846153843,43.41317365269461,10.017484663253,12.4669575318534,13.53572570896871,0.0028564969606983,38.83089770354906,111383921.25
SSK,Industrial services,720.0,47.087161105590894,83.0,59.154955707630094,60.274571694321466,BUY,118.18181818181816,1.5129129756358408,-19.955654101995567,744.2556634304207,,3.06546788213663,4.234184688195417,18.2174908886616,7.005270723526593,342729648.0
NTC,Health services,1665.0,59.80089936824023,54.891607887099795,69.30460690333123,60.2288534309163,BUY,17.566431548399166,0.5253839086109355,-11.839648114501355,22.17319360176501,15.7585764079985,6.52140904949894,4.531386397904928,1.19262257382026,12.400300978179082,3921782042.25
ARL,Process industries,23655.0,65.0219557589774,42.58265471083132,74.33960334109821,60.153694960957736,BUY,28.330618843325283,0.9449669450915169,-16.000852242462983,15.770304099807102,17.3079961417931,3.874543843441,10.446242477643198,0.0598881075007494,10.48263455011122,3167124188.25
BTN,Finance,960.0,38.1776801285661,90.14793239216532,70.08232735944132,60.14968525382091,BUY,10.591729568661279,0.17352727995344336,-12.850003452532727,-19.5021380574221,-12.1041255035538,-53.5971764945589,53.83496173969981,0.768558253462506,,875577600.0
GLN,Distribution services,12750.0,27.821157805070108,100.0,79.78371498432409,59.86732189939987,BUY,97.31006356131518,1.981976248693674,-14.076923765534366,,0.831350945507947,0.135978383341422,-2.058022965277782,1.06757591353577,268.7406423433261,45589470562.5
OUT,Finance,6975.0,76.50841922421752,33.76041569916529,55.99638896344864,59.58161211454807,BUY,-6.9583372033388375,-0.5836342530459466,-17.656211599072748,19.550711743772244,36.9029588858927,11.961779778725,13.732432726876567,0.0234283196239718,21.643410852713178,12436747593.75
AVI,Consumer non-durables,9465.0,70.15173875515171,38.009276990801446,64.52489372299512,59.38363121941531,BUY,2.0371079632057754,-0.28959218975040674,-17.92774337085536,7.874781530134746,48.8795094068214,15.7145638866239,3.00029457665574,0.473190083831475,12.336839354543672,8796998633.25
TPC,Process industries,4000.0,58.48172711033724,74.92216125168885,36.66390673047631,59.05029327677053,BUY,17.6886450067554,1.721992227539693,-99.0131613268619,2.091649694501009,14.2863758993492,5.81864914444433,-1.3247379179639354,0.175738013368581,7.97973148203563,3637800.0
SZK,Commercial services,3400.0,65.01528146934564,69.58036820231645,27.867333501485238,58.9552178956648,BUY,-11.678527190734211,0.9889444584571032,-99.0389610866806,,30.0839921299154,326.977336926524,44.42503604881537,2.5883461382566204,1.9040792096951231,1056720.0
OAS,Miscellaneous,2870.0,63.7023939447389,63.0,41.0,58.95119697236945,BUY,14320.257388061646,2.8400941866339022,-99.13719186786244,-6.796730563393993,6.73850687099971,80.3048358576151,7.236638703959437,0.0005705056989933,14.74656783421204,2566641.0
AGL,Non-energy minerals,84855.0,31.42034032439163,100.0,63.78116194676327,58.46640255154847,BUY,67.6904566674134,1.3150968288969391,-20.587067016093112,-16.88653215790171,-5.88041694294777,-6.26155750995305,-38.04673783909919,0.861251738525733,,72386894216.25
RBX,Industrial services,5000.0,55.50687034520196,62.12637895749401,60.17120105964034,58.42558907177725,BUY,18.505515829976062,0.430933421636695,-21.274112874159172,0.658803706823932,15.8250578852586,4.98694287589276,4.607601641488005,0.390505486205386,8.484960077668603,1390080250.0
BVT,Retail trade,23363.0,53.265616370934424,66.77092801280267,58.599161731371375,58.38391893558229,BUY,-2.916287948789309,-0.3667365223857187,-14.860234151215046,-7.09265905891764,15.722580742494,4.64814922137846,3.0481851949580885,1.11028581587059,12.971017733747791,14578028385.900002
MSP,Finance,2118.0,52.90422045855727,68.29527559055119,56.86520595168466,58.31373409678092,BUY,11.181102362204731,0.15543382930705518,-27.079303675048354,-53.13264491540699,5.32751537670056,59.0125669497762,3.9556119719082266,0.350352710257972,11.274725274725276,4406297366.400001
SRE,Finance,2190.0,71.4686892042565,35.42795264115847,59.054604916142914,58.173651377704374,BUY,-0.2881894353661374,-0.32878292365475703,-18.827798411936033,39.85501566730328,12.5109433576793,64.641747318929,5.700211849444135,0.8507331378299131,7.935273915530111,1777317714.0
ANH,Consumer non-durables,134394.0,49.31158557429672,73.1806691956356,57.78031145333138,58.166055836505315,BUY,10.722676782542372,0.23169262111094854,-21.720671592010433,13.24407422969328,8.11966092380431,11.5836289741996,-5.444742266128758,0.8366308843241249,22.65636170936794,42013459355.399994
SEP,Non-energy minerals,203.0,49.39077023690747,82.79054054054055,43.02697904512203,58.13794308964031,BUY,37.16216216216217,0.8355815870935026,-26.486486486486488,3.83307573415764,6.03570090209327,6.28911176826408,7.241071030442449,0.13302447609253,6.043465317058649,2158691.85
AEL,Technology services,2150.0,55.314709190160904,65.88059932751042,50.557543363848986,57.533043066103374,BUY,-6.477602689958339,-0.3702047196792514,-29.81814843654349,-13.522840795568062,15.3544753275377,6.5688842325825,8.502898715471183,0.312255859375,22.45326612056291,419999382.5
NWL,Distribution services,3050.0,52.181250984490134,84.78704719573147,27.900522907409492,57.106844232446406,BUY,17.1481887829259,0.9917102422841244,-99.09500002910974,16.20176174496645,5.88026901235056,3.94508088838015,-0.7782149419492448,0.0239253598889962,6.881147910838372,50423820.00000001
SSW,Non-energy minerals,5089.0,52.065225367250875,75.0,41.88296820867899,56.90920632536124,BUY,139.65055437001914,1.5735806840565825,-43.75446937448001,30.442066785972667,-12.384887132507,-3.98759995990037,15.649831890055204,1.1107625360522202,,43451788339.4
SLM,Finance,8560.0,60.412404835188276,54.76251739118592,51.24551293142553,56.88406022123502,BUY,-2.9499304352562983,-0.31287392238120576,-20.52923469569645,-28.44182095982842,15.7347178489996,5.52283483117261,23.23476419404145,0.197706101651567,11.33774518255242,37510059956.0
NRP,Finance,14176.0,60.10757224230558,45.95163328023569,64.90894093830553,56.82106429288461,BUY,1.806533120942766,-0.25758825514120487,-13.379955874084537,-18.578181043565365,10.4050281195091,53.9475485056622,12.653378165153676,0.62040122756443,9.99264622694875,20144853707.2
FTH,Transportation,601.0,63.48272419936131,60.63799769756952,33.65283418753627,56.66332824645876,BUY,-7.44800920972194,0.05440284896135592,-25.96697794646196,-9.490373725934308,22.5413566688409,12.0749915823148,4.027705783913632,0.397060344420459,5.013346680013346,4727405.899999999
DLT,Finance,34.0,35.15972102575351,100.0,43.80311051385833,56.340482615648426,BUY,61.904761904761905,0.9002592094881943,-29.166666666666668,20.505809979494195,-3.31128770904798,-7.22780563685146,-5.1178931449948655,1.5499833024239005,,2576900.8
WBO,Industrial services,16792.0,61.55271610762267,57.68998864575137,38.73398752885774,55.8301521533083,BUY,-11.240045416994537,-0.522167705928522,-30.422225323014906,17.407442562183714,23.1770921648884,4.30545393873958,-3.555337971492833,0.0690781582048386,7.152643627296633,3183838764.0
ISA,Technology services,210.0,73.80623434957255,38.16900769409174,37.17028044151961,55.78787557131771,BUY,10.676030776366963,0.34752337012663415,-22.56809338521401,-10.697887970615238,46.2652791681739,19.4459963085279,46.11481948376697,0.0,10.796915167095117,6587689.5
YRK,Industrial services,191.0,70.7886344224755,40.90686274509804,40.021353638766406,55.67064676252044,BUY,-6.372549019607843,0.0017794698972003616,-27.710843373493976,70.6909643128322,10.3995863702763,15.9282007254795,3.4183340697258515,0.186465860309964,2.8321470937129303,11898526.45
TSG,Consumer services,695.0,56.570028024963214,63.728210420817774,41.19520556406843,55.64251825154063,BUY,-15.08715831672891,-0.5670662029942978,-22.92399448772863,-12.489503015497364,22.5437352245863,11.0196912267727,-1.592066957787482,1.3274272283493,6.089156416295908,974075512.5
RLO,Consumer durables,6101.0,56.70096850571511,50.19974666192552,60.83466627531374,55.57734150649796,BUY,-1.2010133522979083,-0.18044447705718836,-15.018846130868466,-8.552459016393444,12.8358955130609,7.3986024061667,-3.911117264294615,0.1587518647439089,11.275836724450103,1607761144.2
HMN,Finance,7005.0,62.535980881439585,37.666097398809214,64.68187343447903,55.50419434725836,BUY,8.664389595236855,0.14015611953991963,-16.553196059102113,,11.854235297122,109.584513692162,63.61732712855896,0.78403666221119,6.839860218129361,1967732520.0
OMU,Finance,1279.0,65.31343655848384,37.91793331331988,56.83423941751989,55.398946156741864,BUY,9.671733253279502,0.15285328479332394,-23.88373709500817,11.388318168476664,14.1414311303222,2.60386988083145,32.87957037921031,0.868186504373275,6.7562582345191045,19401490574.5
WBC,Retail trade,3513.0,79.24505579577853,31.59891519925178,28.0,54.7022024576648,HOLD,-23.604339202992875,-0.8841225157999684,-41.64083087358954,169.0783073929961,34.9102091961981,3.50909087021208,13.333100626234362,0.5341980606841841,15.847982285688463,5177651209.8
BEL,Producer manufacturing,4114.0,46.13942008058804,86.42432873372115,27.87073037904601,54.57115473621957,HOLD,-4.302685065115397,0.9892275315871675,-99.09752843279605,-10.40860735009672,6.76483159879613,3.4435290238715,-4.65444597631496,0.1615444747078609,11.105114019700446,39987462.9
CAA,Distribution services,1436.0,64.92076595375087,47.426295969315056,38.0,54.288271767669954,HOLD,-20.29481612273978,-0.933531498269856,-27.780710897743887,15.299798792756553,20.0489459141559,5.39772720618564,2.306721439578981,0.241683301011698,9.772441714365488,787970679.6
TBS,Consumer non-durables,28613.0,68.68616505878053,33.48250670483965,49.43512709237791,54.274859959317745,HOLD,-8.069973180641387,-0.4637394089685077,-26.670466064094967,27.825855481554168,23.2247509488684,11.8050709467318,-8.682976565362619,0.0210197833254828,11.620300613722392,9945279357.65
CKS,Process industries,1900.0,57.12076416722006,63.082029985476744,32.79574671054478,54.04414042136201,HOLD,-37.67188005809303,1.3996455592120651,-99.44364161849711,27.88326848249028,4.9817897178218,6.17940281676178,6.710437576863569,0.4415398497539919,5.781050325564413,2739610.0
4SI,Commercial services,69.0,59.624049658560686,54.130136986301366,38.744540888987494,53.79997410296825,HOLD,-5.47945205479452,-0.10462159258437549,-20.73170731707317,28.46607669616519,13.9157311811731,4.68724243735726,0.7315735044907655,0.0826710697414335,7.921928817451207,5622823.8
REM,Finance,18700.0,44.126216969078,54.78550751554508,75.92580722082849,53.683922183368225,HOLD,17.142030062180314,0.4938172684023738,-8.707524744846976,-33.33564344237048,4.00152977660273,9.21236481959996,1.634082287715203,0.0428525984462898,21.48475852748548,22794494030.0
RNI,Finance,57142.0,36.58222454583595,72.16895291398166,68.61872439283253,53.66554302567898,HOLD,18.675811655926644,0.4682270327360443,-16.13220918044291,-88.8029943638065,1.78685681959356,10.3054781803222,206.79703289398864,0.0,44.29699768334965,12685661140.8
RMH,Finance,48.0,25.0,91.76829268292683,67.97090877574217,53.62466956002648,HOLD,17.07317073170731,0.4142423979785144,-13.636363636363635,-102.00222469410458,-30.9930423782416,-1884.61538461538,-35.0,0.0,,100652436.0
AFE,Process industries,11404.0,33.956451294667936,83.68042932860298,57.70839357025756,53.62403315996637,HOLD,12.721717314411919,0.2256994641881301,-22.03824496404545,,2.98878136507665,1.08442345337601,-4.2115602119173765,0.387612474884249,36.49531199482703,2403550945.4
CAT,Consumer services,1245.0,49.49427631654609,57.616313774001796,57.948908681411545,53.62181402675589,HOLD,8.465255096007173,0.16240905678429557,-16.494509079047514,-18.60396767083028,7.3138146833377,8.78575762376001,1.5714200278261228,0.0028671618585272,7.492327134861889,55103575.5
SHG,Process industries,822.0,49.251187137588474,54.19785609030566,63.06875362405795,53.498701120697525,HOLD,22.791424361222635,0.5890628020048286,-17.829831370282083,12.854308390022675,8.10159609130986,4.93510720227561,-7.447934067605949,0.748442889537144,10.473439658420194,34495928.699999996
CPP,Finance,1150.0,46.73623100120744,61.63742233655372,57.30407313900788,53.32015682937141,HOLD,4.549689346214869,0.1086727615839904,-13.397105629250369,-60.65333760351376,10.989971016203,51.4435593338519,-12.929471167795734,1.3740841773613202,6.686046511627907,7421237.5
SNT,Finance,38300.0,61.67721020490075,35.22807140278803,58.04069125911615,53.01516477511002,HOLD,-9.087714388847889,-0.8299423950736541,-15.186105635027253,10.698633435675148,29.2193067703272,6.63267807245453,6.78800146578952,0.3362796570745,10.4398756808053,2747676470.0
FBR,Transportation,4948.0,67.85843445540942,31.727030156677984,46.897404512963476,52.8268071773008,HOLD,-15.091879373288075,-0.6752162905863771,-24.58207872871967,17.144648829431436,51.4418534491625,6.61546627916615,4.999003806274762,1.18642973204282,8.887976874486993,276719621.40000004
PHP,Finance,2015.0,72.21526139708007,31.578092711286338,35.779143217415964,52.736887155409136,HOLD,-15.687629154854655,-0.3517380652153364,-28.03388827614819,102.19989669306064,6.0559796437659,45.945945945946,34.5610541131436,1.29522317932655,13.64946126548951,125123137.75
KRO,Technology services,75435.0,68.36196203954648,40.08566111047851,29.485879727968026,52.103855298510396,HOLD,-9.657355558085944,-0.042843356002664694,-31.378340622076056,-3.5574978670450035,30.0118234311867,18.0627942682666,7.657826408162409,0.348623995773314,25.448247512370184,83895035.25
SAC,Finance,339.0,44.624565705811456,59.64538510517561,59.345188078420584,52.07493600014253,HOLD,16.581540420702456,0.36209900653504856,-20.351752299126755,-15.926791277258554,4.96561035825412,19.2993129727632,-1.7085042465401428,0.77821080568576,15.794349235757297,727311821.4
MPT,Process industries,2170.0,54.075693483285846,61.41879338116303,32.00198010081048,51.86388077615393,HOLD,-16.324826475347876,-0.499834991599127,-31.935061657334312,-3.879259866494901,8.83380650797117,3.47842288564344,4.995222223058229,0.603440639228957,6.545642837562061,118015450.0
CLH,Consumer services,425.0,58.18419456570749,36.42489034454951,55.15463806389019,51.050491998996634,HOLD,3.699561378198024,0.012886505324182724,-21.118358536790442,5.926336194959854,17.0816947391853,9.79344749544808,8.430415221756743,1.33139823694336,10.9281045751634,121832497.5
ITE,Retail trade,797.0,64.6665943110305,32.25437735302846,45.0,51.00961036142378,HOLD,-20.982490587886172,-0.960769449876329,-28.10118787325109,-7.759859492256103,18.2552290177389,15.6793632745878,-2.7961980548187446,0.126074498567335,7.123074259996539,399138636.09999996
SOL,Process industries,22472.0,31.149444759871855,80.0,56.726988025686225,50.92011998507317,HOLD,237.01259748050393,1.9772490021405191,-27.125187111006067,,1.60849133799359,0.965590802827802,-4.425358719646799,0.729854593522802,60.50105172320803,83092315514.0
BCF,Producer manufacturing,1330.0,67.15572454881219,39.02957227609829,27.892934943971703,50.865320946029925,HOLD,6.118289104393182,0.9910779119976421,-99.06272526385976,13.464385102729576,15.0018306636156,13.3281694249866,10.993507944137178,0.0075409836065573,6.940458174607317,6894321.0
KAL,Commercial services,4470.0,47.22651048333355,45.80408663872214,66.25723336258037,50.60592790579949,HOLD,13.216346554888547,0.2714361135483642,-17.620905227647718,1.9484466054127485,12.1356530915838,1.983294919528,-6.5780032173105365,0.635630456333344,7.804390517604153,177949582.5
MTH,Distribution services,10100.0,53.99672105905974,39.89507155712205,57.20213063604709,50.40730812387591,HOLD,9.58028622848821,0.18351088633725718,-25.906076711840818,10.366497375028535,14.0044566784638,2.34121627544133,1.1651828468059446,0.7834696961801031,6.522539990305381,5796515240.0
LSK,Technology services,7960.0,50.58751501258224,56.76829268292683,40.36573955427026,50.39739322202322,HOLD,-2.9268292682926855,0.030478296189188937,-27.108835967059868,61.03484594144838,-10.2883457288961,-3.99900242268743,1.6675534565357353,0.9127550174158232,,34529286.0
SHC,Finance,2857.0,63.82530416276168,31.476151698756336,45.0,50.35549759100774,HOLD,-16.095393204974652,-1.0250512697219267,-26.269588083900008,28.0539239467255,8.91918463656027,144.642857142857,-0.4795591981252826,0.306863588083557,7.027691518232651,383679672.2
PPH,Retail trade,2188.0,64.56203484592893,30.22273877436225,45.0,50.34783905527314,HOLD,-21.109044902551,-1.022504910735176,-25.816015547128885,226.7569310122501,9.26129737010694,5.91357247744913,11.985529035895508,0.42547168319337,14.292291502236257,25031613688.6
ARI,Non-energy minerals,20500.0,45.60967527628043,58.85323426592315,48.55942166035737,50.172692249988636,HOLD,33.412937063692596,0.7132851383631141,-23.468677208292508,-60.349756080274986,2.25675143344859,9.33246452360266,22.13281457246441,0.018025040190968,30.806583749162137,9016225950.0
SDL,Non-energy minerals,1841.0,41.881548525185096,70.0,38.61467823381702,49.66370990935595,HOLD,427.50716332378227,1.8845565194847513,-49.36708860759494,34.40774262592547,-18.1440540991659,,,0.0,,16538807.600000001
PIK,Retail trade,2250.0,49.36593149472766,61.64661654135338,31.47745168025008,49.472441045819856,HOLD,-15.413533834586469,-0.5435456933124934,-44.24969249692497,90.84748015016112,-6.4155520847373,-0.325268873392749,6.138919014393971,1.9795540943183,,7380981112.5
SRI,Finance,1772.0,59.160607747824244,41.3172746409662,37.248780390001855,49.42524234420235,HOLD,-4.730901436135215,-0.22926830083317887,-25.049573125837636,-16.765102766912804,5.52714968120572,53.0262281756155,-9.690133898887892,0.8037331246260381,16.11291350443196,43176640.6
MST,Electronic technology,1400.0,30.732736871026773,79.42573672955223,50.43693219881945,49.28147589414294,HOLD,7.702946918208942,0.2030776832349538,-13.333333333333334,,4.58760605806831,1.01210783263694,-10.651449551181363,0.08513013706834,10.601241859760714,3794490.0
TRU,Retail trade,5079.0,64.00197708803654,34.17816299621092,35.0,49.254437442881546,HOLD,-33.287348015156304,-1.4636376721697248,-35.756727533398205,-25.073639915840097,25.890956215866,12.85090742017,1.9437939110070257,0.5199926463829401,6.726037655113394,10481257780.05
MRF,Non-energy minerals,124.0,28.599483565351242,82.48502798333067,50.22334393957124,49.089918965589064,HOLD,7.940111933322691,0.1852786616309363,-24.599189950193484,-78.65168539325843,2.97215516997896,2.44371903640814,-30.8947325161172,0.0010008883599417,21.57894736842105,225519686.6
LAB,Commercial services,3.0,73.41371254765586,25.0,23.660680922985165,48.93899245842496,HOLD,-50.0,0.6383900769154303,-66.66666666666666,,177.698680154087,48.8257637898616,601.5603904296054,0.0799897038274446,0.2304147465437787,56751927.0
BYI,Technology services,7785.0,64.68019160056417,46.566886023431195,13.0,48.910161607311444,HOLD,-35.732455906275206,-1.020841597435511,-54.64060722706334,-13.327187228930828,57.2461948058472,23.250605271987,-6.822399654537962,0.0244082840236686,17.123887593954677,3069077046.75
TEX,Finance,261.0,70.02562266537757,31.22999913012559,22.13013263445459,48.807837598617375,HOLD,-25.080003479497638,-0.07248894712878419,-38.095238095238095,128.2414307004471,5.48550130564604,34.4965512665018,-7.032719969566008,0.473550087169643,8.521057786483839,2433903.3
CLS,Retail trade,24896.0,65.13110332992716,28.966627760212916,35.0,48.255539993027455,HOLD,-34.13348895914833,-2.120532185162375,-36.95609982922085,12.090388307916909,53.372207784717,6.26093375845421,6.304409476501012,0.724637997598881,17.46418256979444,28746363078.399998
QLT,Finance,3993.0,47.2681643748398,37.971706976843876,64.04532887392878,47.834660055258816,HOLD,9.886827907375494,0.08711073949406448,-11.460985762118483,,8.3073727933541,1.28150363092695,62.22550730997513,0.184856753069577,20.647475556537596,6588779422.5
SOLBE1,Process industries,10000.0,31.149444759871855,83.0,35.55218634154964,47.585159648245856,HOLD,100.0,1.0460155284624706,-41.17647058823529,,1.60849133799359,0.965590802827802,-4.425358719646799,0.729854593522802,26.96726174424249,2814500.0
EPE,Finance,608.0,51.85280845689479,37.54626334519573,50.91638302294599,47.37355983659532,HOLD,8.185053380782925,0.24303191857883302,-27.757575757575758,-27.264344262295083,9.13209663669226,50.9723649538483,,0.0,8.606846034652769,46675460.800000004
MRP,Retail trade,15250.0,67.45418290513402,25.632289701484577,28.0,47.016778363012385,HOLD,-39.47084119406169,-1.7017702350582866,-41.18947239163358,10.198242387083589,29.0069212224901,8.98318963441068,6.930030130565785,0.6464548043771551,10.82943391919653,15756635500.0
ISB,Non-energy minerals,70.0,27.98559839245722,89.42307692307692,27.9435642081312,46.40843511477792,HOLD,7.692307692307687,0.9952970173442666,-99.18518515280735,-432.8660436137072,-18.2156482452013,-2.18083015616449,-4.474981017463933,1.15513400194301,,1665380.5
GPL,Consumer services,210.0,43.71905301624502,66.66058394160584,20.660042181844,45.98971012697306,HOLD,-23.357664233576646,-0.19499648484633367,-40.96774193548387,,4.64901983565771,15728.313253012,-99.96227714256172,0.0016285228114984,17.100977198697066,16270485.0
APN,Health technology,14045.0,27.817528125718653,71.69866178214062,51.833775745695895,45.785117746640694,HOLD,16.794647128562488,0.31948131214132475,-27.675943146945574,-144.6889971136393,-3.13528671926246,-6.7695745952548,-15.47281713344316,0.406267342483999,,20273693454.0
BAT,Finance,230.0,15.307196298232862,83.4126213592233,65.14138958107185,45.70566247309779,HOLD,11.650485436893199,0.17844913175598734,-13.777777777777779,-102.06043956043956,-0.188903946449838,-2.78113663845224,-33.360193392425465,0.217510701881916,,167288384.0
NED,Finance,25585.0,36.87191054598917,50.1753174341612,60.7962053708428,45.6477915774115,HOLD,-1.2987302633551856,-0.18364955242976652,-19.784084004647664,-53.367623726905165,7.01260166550393,9.60113167853559,0.8901731267101018,0.93393274969109,15.566408750846,38701083729.0
EMN,Commercial services,210.0,49.99500565154199,49.68347352320027,27.851023383801067,45.47274955949129,HOLD,-23.26610590719892,0.9875852819834222,-99.1946827305898,-5.03274087932646,6.30292473934901,7.32978010563684,-0.6387641106775669,0.140467836870851,4.137115839243498,179630451.0
CHP,Retail trade,165.0,49.07996097140149,50.0,27.56955105243845,45.05389069618843,HOLD,71.88831894484926,0.9641292543698706,-79.6215525962288,-33.80162938164305,31.5086782376502,1.23936561285579,0.3339499643060336,2.72599531615925,27.027027027027025,3114771.0000000005
CGR,Finance,428.0,46.32402969639575,44.199829285163204,42.793487382886795,44.98066111032419,SELL,-17.20068285934717,-0.4338760514261004,-26.842105263157894,-27.52508361204013,10.2680035222542,17.9466050167536,-25.458538569500007,0.836127431944843,2.814951545916013,22682951.400000002
PWR,Technology services,5400.0,55.41061769420797,53.15585450454673,6.294207153365832,44.910906629141174,SELL,-49.376581981813075,-0.8088160705528473,-57.80444361113716,90.13354431422968,-6.42874481010028,-7.00467748455275,29.513728929429018,0.597834356296221,,12085470.000000002
OCE,Consumer non-durables,5320.0,43.326503803063396,40.498125255620096,52.44286278175195,44.30126203456812,SELL,-8.007498977519612,-0.29642810152067095,-18.533459026113277,-38.84256134468419,8.81449028967501,6.74337168584292,-0.655998409700825,0.433903576982893,9.612303748798462,85287846.0
MHB,Finance,580.0,25.0,83.0,32.887755763708554,43.97755115274171,SELL,50.71215295474227,1.4073129803090458,-99.15040000915528,-133.47168179853003,-3.64373355590204,-108.260815942734,-51.9210909315399,0.0,,1401309.0
WHL,Retail trade,5065.0,44.52379498984837,32.51108125124876,55.79883026986167,43.17498792427115,SELL,-11.955674995004962,-0.6000974775115279,-18.37884197592013,-41.6175308491885,15.6451466448742,2.11139023344158,3.869407496977025,1.9796096708418305,26.253318756832734,16630561047.25
RCL,Consumer non-durables,858.0,50.73947664847037,33.09142978362325,37.9200585580916,42.88117897094048,SELL,-9.634280865507005,-0.17332845349236697,-27.7843414371237,-38.74732443176027,10.3743296881517,4.16563280056026,34.950217489912355,0.220434872668174,7.438222813878027,38885117.7
UPL,Finance,1525.0,35.620928335558744,55.0,41.0,42.510464167779375,SELL,7249.3975903614455,2.451551260131628,-99.28523808433896,62.95230894838593,-0.909471499738829,-10662.2831175984,-99.74003823283728,0.0516960310129389,,3915513.7500000005
CSB,Retail trade,12550.0,49.06847418599409,31.357375232282397,41.34712526650762,42.21087471598329,SELL,-16.570499070870415,-0.5544062277910319,-22.31100999051349,5.059790651701889,10.9356597437035,1.74361916471943,1.6765138102121615,0.8537889839285321,13.052016821411312,172149605.0
TGA,Utilities,12923.0,26.100784714601655,62.96258172852569,49.94814647961501,41.928796171781535,SELL,49.85032691410276,0.8290122066345844,-27.822369282718228,-311.8267931683059,-34.0854421245069,-23.9366194803879,-16.749170276199585,0.0053709717711716,,9739393104.0
KP2,Non-energy minerals,73.0,36.119889164202164,63.3125,23.234302483683088,41.700555078837695,SELL,-8.750000000000002,0.019525206973590708,-40.229885057471265,5.599445821010831,-0.513983647292495,,,0.0,,69540442.4
NVS,Commercial services,541.0,49.44233597440686,37.40414833833287,26.071014174068466,41.15661532351699,SELL,-20.383406646668522,-0.3274154854942944,-34.56791128880191,-26.37637637637637,10.7180851237943,5.78754651268843,5.325896904063807,0.244745693766662,7.35554044867437,84911437.75
ORN,Non-energy minerals,33.0,15.939447364204337,83.0,37.70079354614656,40.40988239133148,SELL,106.25,1.2250661288455469,-36.17021276595745,-78.59546673898427,-10.8261071327831,,,0.335737459010675,,203121268.35
MCZ,Energy minerals,350.0,16.657887457981296,80.0,37.91502944055274,39.9119496171012,SELL,141.3793103448276,1.242919120046062,-42.173913043478265,-62.13250700662809,-39.7170649139184,-228.260273876973,-23.4780141328148,0.131034017148423,,5431895.0
ACL,Non-energy minerals,129.0,26.429544602202704,70.54347826086956,27.404846582811963,39.85878509592462,SELL,12.173913043478258,0.36707054856766347,-36.7816091954023,48.41560722330393,-392.698826597132,-9.32767644235236,-16.33588972950565,,,38675302.949999996
LBR,Consumer non-durables,425.0,36.83928470836346,44.036915459154045,39.98215369658736,39.627147731245415,SELL,34.147661836616194,0.5818461413822802,-23.428567307332145,,1.63924736560602,0.643336244857418,4.71723120825095,0.411853620525546,41.46341463414634,123862340.0
TFG,Retail trade,5807.0,54.94475775184702,25.0,21.0,39.17237887592351,SELL,-57.45620750355654,-2.2915182448079277,-57.96722692758455,-1.6483637162310578,11.858100328449,4.5466655926837,10.458415462111258,1.03671252428339,6.578903292801394,14636399776.75
KAP,Transportation,244.0,30.246600888055436,65.43233082706766,15.214695459315665,37.79593878401115,SELL,-8.270676691729328,-0.06544204505702793,-47.31182795698925,-87.1060924369748,0.976403580146461,0.432514073870658,-0.8744768450780904,0.792097689974333,48.87983706720978,1422232104.3999999
ENX,Distribution services,400.0,29.868783505832653,57.77791701475912,24.27424630670747,37.12261611868555,SELL,-10.888331940963525,0.10618719222562265,-34.55336303228043,,-0.172299433895323,,,0.0034286832824854,,22280080.0
GML,Non-energy minerals,82.0,43.824367193527706,37.59803921568628,14.937762236908044,36.17914780885135,SELL,-19.6078431372549,-0.0885198135909963,-55.0561797752809,61.5292901995072,-10.2510630256582,-25.7246123684006,-38.45288443004857,0.315749031335481,,4480553.8
APF,Finance,50.0,36.92442550552405,37.5,30.90326597792763,35.89286594834755,SELL,0.0,0.07527216482730283,-40.0,-0.2501443140273172,-22.8092329507012,-117.99419443507,5.612942633440561,0.973818304242121,,28760882.5
ZED,Finance,130.0,10.0,66.57407407407408,47.402981292112734,34.452818480644765,STRONG SELL,-3.703703703703709,-0.04975155899060566,-17.857142857142858,-164.67181467181467,-1.07079119571684,-180.0,-70.58823529411765,,,21122731.5
LHC,Health services,1110.0,34.001456810781484,31.252828973239552,38.0,33.97657709736261,STRONG SELL,-24.98868410704179,-0.9613869236282176,-29.35109149934309,-19.914488739009997,-12.1090483358421,-5.76800509878904,-1.626239272698773,0.347279599191351,4.195804195804196,3205863205.5
BRN,Process industries,477.0,29.86376094076614,44.62340833439476,27.898623133827623,33.898627597467026,STRONG SELL,8.493633337579043,0.9915519278189686,-99.01467507497844,,1.4011626546948,10.6408434363942,-81.42400849114294,0.39674361643098,29.37192118226601,7920370.35
MKR,Process industries,2757.0,25.787255117792824,57.74418313735301,17.044726552271044,33.62582781055652,STRONG SELL,-31.023267450587944,0.08706054602258691,-61.68582375478927,-72.65496003145066,0.849490382404782,1.23025187700811,-7.329267665090803,0.598381942048655,105.77435064935062,393097057.65000004
NTU,Commercial services,100.0,44.70121776504298,30.126262626262626,6.0,32.58848767040028,STRONG SELL,-49.494949494949495,-1.1267703760046885,-56.28140703517588,76.45141260478113,-7.40740740740741,-5.24605385329619,-30.08763388510224,2.9878223495702003,,104851185.0
MNP,Process industries,16783.0,37.77336545164667,24.915378773232895,28.0,31.961296357793202,STRONG SELL,-42.33848490706842,-1.836679866217119,-44.5553147051787,-28.587477025980828,3.40977324476118,2.11575234832556,-1.3447517008764984,0.609689020520415,23.61723786901934,11918363535.0
GCT,Miscellaneous,1514.0,25.90550293009379,48.0,22.400941493939396,31.832939763834773,STRONG SELL,,-0.04992154217171696,-37.794974194699854,-174.89191638710517,,-42.3304906806215,-21.63965960917827,1.02599187152729,,6869018.0
HUG,Communications,149.0,18.44897639365026,61.6025641025641,18.935932105919946,31.49244384877835,STRONG SELL,-23.589743589743595,0.2446610088266621,-69.23076923076923,-280.2371541501976,-3.60899243513733,-96.4793022733831,-60.25475089986598,0.186163546595853,,58089654.050000004
SOH,Producer manufacturing,95.0,30.576527805157653,28.879310344827587,36.638091572071815,31.279675320441466,STRONG SELL,-34.48275862068966,1.7198409643393182,-99.47428570474897,-145.11097780443913,-2.14896166808262,-0.61056243438492,-2.558314317089697,0.34066486396936,,2218036.25
HLM,Non-energy minerals,175.0,34.47161926973471,32.03125,20.76005285932354,30.997195206732062,STRONG SELL,-21.875,-0.18666226172303838,-40.67796610169492,-164.7273711270464,-1.81884462084067,-0.51963303359751,-4.299678571955049,0.480051531623772,,57684576.25000001
AFT,Non-energy minerals,3180.0,33.77071298014455,33.237607561969924,20.0,30.85663875866325,STRONG SELL,-37.049569752120306,-1.1036895000701483,-41.20436688011392,-113.42746119260268,-2.18100035940648,-1.03920865623396,29.9813413043274,0.614520522740066,,1663768527.0
BLU,Distribution services,842.0,29.571969720390342,36.24274034998876,22.301783891277164,30.119163743447235,STRONG SELL,-5.0290386000449665,-0.0581846757269029,-51.033526570013684,-559.5690388432095,-76.7878985937209,-18.859523817541,8.279295311095499,1.97058728307231,,981535650.6
ACT,Retail trade,120.0,23.207998260898325,49.4873417721519,17.661785464341758,29.982558754963087,STRONG SELL,-24.0506329113924,0.13848212202847984,-60.0,-621.9333333333334,-25.6745667255897,-9.0498388727735,-17.64536934463024,0.390844152568027,,7091394.0
SPG,Transportation,1633.0,28.680695197745436,43.95981856283834,9.276069558530473,29.383507079430316,STRONG SELL,-46.16072574864663,-0.5603275367891272,-59.11775868237711,,7.04260842472872,2.22730344110555,-21.387218173059143,0.703503940155201,1.5522797917580426,927256918.5999999
MTA,Producer manufacturing,496.0,38.82180872749268,27.261904761904763,8.84509205482501,29.358494203282774,STRONG SELL,-40.95238095238095,-0.5962423287645826,-53.125,-110.8861449064827,-14.3890457524065,-1.97574751899666,51.17990512566276,2.5027961461262,,35950824.0
SPP,Distribution services,6180.0,31.54892280395869,30.703999658148877,21.0,29.18566129942401,STRONG SELL,-47.18400136740449,-2.2061978204610035,-48.942291419868,-1472.0446584938709,10.4526329210761,0.614504494847771,-14.197500691393923,3.0702708807861003,,4255670673.0
AEG,Industrial services,440.0,21.00552436538909,35.95637583892618,22.418360412963665,25.773347016965133,STRONG SELL,-26.174496644295296,-0.6318032989196944,-43.37837837837838,-694.0978324545988,-27.5624926390977,-2.48893419967215,-19.53102282971213,0.589776981930652,,19292812.0
TMT,Finance,107.0,23.333831396521333,33.23529411764706,17.499426889755945,25.13738931150597,STRONG SELL,-37.05882352941177,-0.4583810925203378,-41.17647058823529,-527.133479212254,-13.3707342470386,-23.3170667807113,-47.54697129243981,0.7383110572376811,,2537852.75
SAP,Process industries,1486.0,26.599968591339977,30.0,13.0,24.899984295669988,STRONG SELL,-55.388772140498354,-1.5194527397195765,-59.02114103677961,-450.1701217811657,-29.4333481565988,-12.3394120004395,-8.487797856797432,1.14255431902491,,3974062330.1
CPR,Non-energy minerals,49.0,31.00676800049519,23.0,6.0,23.603384000247594,STRONG SELL,-74.3455497382199,-1.412012093170696,-78.5,-156.69856459330146,-99.6045036413953,-263.771731448763,71.70037980366699,3.98650374361486,,155161650.7
