symbol,description,sector,price,volume_1d,liquidity_value_1d,coverage_score,perf_1m,perf_3m,perf_6m,perf_1y,perf_ytd,revenue_growth_ttm,eps_growth_ttm,roe_ttm,net_margin_ttm,operating_margin_ttm,fcf_margin_ttm,debt_to_equity,vol_1m,momentum_score,fundamental_growth_score,quality_score,risk_score,growth_potential_score_guardrails,rank
TIP,Initiates PLC,Commercial services,32.3,6758600.0,218302779.99999997,1.0,66.49484536082474,60.69651741293529,210.57692307692307,393.3835682531332,142.8571428571428,153.94843702488677,176.05633802816908,82.8113452673717,28.6059123696569,42.4339405565573,30.5435908556455,0.014206416530946,5.377890011026132,88.63309352517986,91.9799186789478,84.3403192846181,47.88169464428458,83.42058706882912,1
UNILEVER,Unilever Nigeria PLC,Consumer non-durables,172.0,1706686.0,293549992.0,1.0,71.74238642036943,101.16959064327486,134.01360544217687,300.0,138.88888888888889,37.76253450463308,85.95227517928538,32.8237074171983,14.8638339534519,19.006454556224,19.08656277481405,0.018989656391311,0.8223310020849801,84.61538461538461,71.25,72.02020202020202,76.92307692307692,78.5098581973582,2
WEMABANK,Wema Bank PLC,Finance,32.5,2996602.0,97389565.0,1.0,25.0,25.482625482625487,63.31658291457288,124.9134948096886,58.92420537897311,53.588914585676925,57.10318553199303,46.2828714923772,43.639476619098566,50.164146735712855,116.733404035058,0.224578666089897,4.904044788223896,76.66666666666666,80.13888888888889,86.47727272727272,50.41666666666667,78.38320707070707,3
BERGER,Berger Paints Nigeria PLC,Process industries,168.95,2013026.0,340100742.7,1.0,140.31847499999986,125.26666666666664,351.1348464619492,687.6456876456876,251.97916666666663,16.987734416578796,118.81414753008934,35.8568494812065,12.8147615319619,18.43833727459,20.330140490172077,0.0332092657538575,1.2839791073837628,91.875,76.42857142857143,64.92673992673993,56.69642857142857,76.81204212454213,4
CAP,Chemical & Allied Products Plc,Process industries,233.7,107261.0,25066895.7,1.0,140.31847499999986,114.40366972477062,220.13698630136983,484.25,238.69565217391303,23.35671779423792,54.31032710376446,49.147968626699,13.6329945119175,17.3145704667908,17.707842657147857,0.0005586053437454,1.732144892101707,85.625,75.71428571428572,66.31868131868131,64.73214285714286,76.62431318681318,5
CUSTODIAN,Custodian Investment Plc,Finance,81.25,892878.0,72546337.5,1.0,15.24822695035461,47.99635701275046,105.69620253164555,350.1385041551246,88.95348837209302,28.353930704596248,73.67646893702069,52.007279674225,37.2893846732887,30.7672200563689,46.70446919087432,0.6338227085717241,0.3238374407272797,85.41666666666666,69.16666666666667,73.67424242424242,60.0,76.06439393939394,6
BUACEMENT,BUA Cement Plc,Non-energy minerals,435.0,1905500.0,828892500.0,1.0,33.149678604224064,126.5625,158.92857142857142,419.7132616487455,143.69747899159665,23.59902989671828,229.25828927212527,68.4320055970737,36.2890425845529,46.0116150535818,33.43269270426791,0.591100913208497,0.1270278543005806,85.0,87.5,70.83333333333333,25.0,74.58333333333333,7
OKOMUOIL,Okomu Oil Palm Co. Plc,Process industries,1750.0,56211.0,98369250.0,1.0,-0.8498583569405099,31.876412961567446,57.65765765765766,215.3153153153153,59.81735159817352,37.535445937678126,59.77784873111354,87.4132260744436,32.8633059578075,46.4715984154591,29.85473952714026,0.343886504101032,3.3306690738754696e-16,40.0,82.61904761904762,98.07692307692308,61.60714285714286,74.4150641025641,8
NGXGROUP,Nigerian Exchange Group PLC,Finance,151.5,39903755.0,6045418882.5,1.0,-13.57672561323446,80.35714285714286,284.03041825095056,461.1111111111111,172.97297297297297,24.843033732796545,15.752225858001676,24.5369336312627,44.856336805483,48.2105440566851,27.72451444440227,0.0,1.0659159998237586,77.91666666666667,53.05555555555556,71.89393939393939,87.91666666666667,73.9040404040404,9
SCOA,SCOA Nigeria PLC,Consumer durables,33.05,619919.0,20488322.95,0.8571428571428571,45.91611479028697,-13.36828309305374,365.4929577464789,639.3736017897093,365.4929577464789,25.597340376830136,641.0476190476192,126.72822437383,5.77105242136344,5.2893323789217,,,1.7763568394002505e-15,81.29496402877699,79.31292008961913,51.24023105674482,76.97841726618705,73.08021995514186,10
WAPCO,Lafarge Africa Plc,Non-energy minerals,339.1,453498.0,153781171.8,1.0,45.536480686695285,83.2972972972973,153.05970149253733,330.60317460317464,153.05970149253733,42.79510022133782,124.54036591248163,47.9367932380802,27.9685053230314,39.5719293150385,36.428133715591,0.0018772244703319,2.738849195050894,75.0,87.5,54.166666666666664,50.0,71.66666666666666,11
STANBIC,Stanbic IBTC Holdings Plc,Finance,163.0,5468530.0,891370390.0,1.0,0.6172839506172839,38.48768054375531,48.18181818181818,136.231884057971,63.0,30.510179498991985,43.63616968717017,41.0400247132996,40.38481657306975,59.21645068643223,34.90467662593793,1.00056726360211,1.4630606225344516,72.08333333333333,64.72222222222223,78.4090909090909,52.08333333333333,71.6161616161616,12
NCR,NCR (Nigeria) PLC,Electronic technology,179.1,76514.0,13703657.4,0.7857142857142857,-10.000000000000002,-10.000000000000002,538.4798245614012,2031.1099713284364,146.35488308115544,43.34396141332533,,,6.36141661894093,6.1773061266871,39.47216683512636,,-1.887379141862766e-15,65.46762589928058,82.05128205128204,47.61323332751905,97.12230215827337,71.20852350040428,13
NAHCO,Nigerian Aviation Handling Co. Plc,Transportation,205.0,1613454.0,330758070.0,0.9285714285714286,23.275829668884136,60.46966731898239,136.29421511418488,216.6023166023166,116.93121693121694,3.26505106374516,16.877215045158326,66.3985626410072,28.1805274869416,37.8291135705221,,0.224184949938236,0.5512275627734855,73.33333333333333,36.666666666666664,100.0,61.66666666666667,71.03571428571429,14
GTCO,Guaranty Trust Holding Company Plc,Finance,147.0,5622372.0,826488684.0,1.0,16.666666666666668,36.11111111111112,65.91422121896164,114.5985401459854,62.07276736493936,25.893828579119045,-15.7008073723396,25.0441165140497,44.75494251341583,60.71168543190086,46.1373809414739,0.1442484909563759,2.1128016058769594,76.66666666666667,48.611111111111114,77.29166666666666,67.70833333333333,70.79861111111111,15
ARADEL,Aradel Holdings Plc,Energy minerals,2009.5,3260944.0,6552866968.0,1.0,57.11493354182956,103.989442696173,183.54734020036685,299.5029821073559,195.51470588235293,19.986164843908067,54.31517581843608,26.968649337298,57.0676836075303,26.8041589680333,10.366067636809966,1.30231639733576,0.3758105445504857,89.49640287769785,57.73794705833541,67.06899297004146,45.07727151612043,70.33742645393674,16
AFRIPRUD,Africa Prudential Plc,Technology services,14.8,6431543.0,95186836.4,0.9285714285714286,8.424908424908427,-7.78816199376947,9.629629629629632,-12.426035502958568,0.0,118.2999100625439,176.46586345381527,22.0577272558877,36.1192240520517,55.4658370021373,,0.0,3.238378761444647,33.597122302158276,91.61065471745083,76.97535220471,65.92725819344524,69.72058532081084,17
VITAFOAM,Vitafoam Nigeria Plc,Process industries,194.0,561357.0,108903258.0,1.0,64.40677966101696,77.98165137614679,167.58631393107729,324.04388546454874,153.04357947830135,20.95529361198824,24.436214698272156,49.2783602161505,13.0449543253463,24.1929670367367,25.29104948437065,0.0913415366728236,1.3135549941990434,76.25,54.76190476190476,77.46336996336996,50.0,69.61881868131869,18
PRESCO,Presco PLC,Consumer non-durables,2300.0,94601.0,217582300.0,1.0,16.161616161616163,29.21348314606741,58.62068965517241,162.88389392218835,58.62068965517241,30.73355111958052,29.748907745663796,42.6183260120226,41.3272254376834,53.0108610580297,30.30898507295362,0.291072443006669,-1.249000902703301e-16,55.38461538461538,42.5,86.38888888888889,76.15384615384616,67.49145299145299,19
REDSTAREX,Red Star Express PLC,Transportation,31.9,2722439.0,86845804.1,1.0,13.321492007104796,43.69369369369369,246.73913043478265,474.7747747747748,234.03141361256544,8.44459130778437,41.15656721008919,16.9824601403619,3.72566948783725,5.59474604190549,4.64964879131334,0.0180488677562406,3.3106848460099965,83.33333333333333,73.33333333333333,37.5,56.666666666666664,67.04166666666666,20
