symbol,price,sma_50,sma_200,above_sma50,above_sma200,golden_cross,death_cross,rsi_14,macd,macd_signal,macd_histogram,bb_position,mom_1m,mom_3m,mom_6m,mom_12m,volatility_20d,volatility_1y,sharpe_1y,sortino_1y,max_drawdown_1y,avg_volume_20d,volume_ratio,mom_score,trend_score,rsi_score,sharpe_score,dd_score,composite_score,signal
4SI,69.0,69.68,70.225,False,False,False,False,50.0,-0.3781347738660088,-0.43520399245793806,0.05706921859192926,0.48242988791096114,6.153846153846154,-5.47945205479452,-1.4285714285714235,-5.47945205479452,69.63924450047307,45.522823001062505,-0.10462159258437549,-0.18020802384967458,-20.73170731707317,81490.2,0.2709282834009488,0.5,0.3,0.9,0.2,0.5,0.465,HOLD
ABG,23018.0,23838.574921875,21998.684609375,False,True,False,False,44.99146272054639,-350.82038091707363,-355.7799710306861,4.959590113612478,0.3466551086245823,-7.89648332788876,-13.296383138651658,15.129395840139036,35.494709307378926,24.45460960911011,22.938247419471907,1.141602497318917,1.6886635564225754,-16.99545433978038,2530722.2,1.3926625371998553,0.9,0.7,0.9,0.8,0.8,0.8200000000000001,HOLD
ACL,129.0,128.2,126.84,True,True,False,False,43.75,-2.0667430191253118,-1.4065117937167473,-0.6602312254085645,0.44486105318824093,-3.731343283582089,-0.7692307692307665,-5.147058823529416,12.173913043478258,34.86805061094329,67.38949078197044,0.36707054856766347,0.6827468401131581,-36.7816091954023,299808.55,0.8808588013917549,0.7,0.9,0.9,0.5,0.2,0.675,BUY
ACS,1085.0,1155.78,925.3728308105469,False,True,False,False,72.0,-16.41280665108502,-20.519147048749833,4.1063403976648125,0.5972705628776007,-1.3636363636363669,8.391608391608397,44.7010755650066,67.25832860223326,10.644628283979502,142.84526893930837,1.0088048923143833,0.9392958556598561,-36.842104160249114,1049.7,0.0,1.0,0.7,0.4,0.8,0.2,0.6849999999999999,HOLD
ACT,120.0,87.72,131.13,True,False,False,False,74.39024390243902,11.614963037956528,8.318149638279442,3.2968133996770863,0.7444659134777903,48.14814814814814,5.263157894736836,-20.529801324503318,-24.0506329113924,160.52713944043003,100.4868113226599,0.13848212202847984,0.21683880270129055,-60.0,59094.95,1.2223548712707262,0.3,0.3,0.4,0.5,0.2,0.32999999999999996,HOLD
ADH,4357.0,4183.387333984375,3709.8525622558595,True,True,False,False,53.70138017565872,56.21940999907292,62.86745088154511,-6.648040882472188,0.5352286318756915,0.06890215893431417,9.518104976591069,23.834202643680456,40.72798773321074,24.225680819510764,24.15266083395838,1.200422513539356,1.7945192898534095,-8.620163808478692,380586.35,0.9143470332028462,0.9,0.9,0.9,0.8,1.0,0.9,BUY
ADR,644.0,595.62,636.7236950683593,True,True,False,False,43.95604395604395,15.206809976645673,15.448094070824519,-0.24128409417884633,0.5867824531615168,17.30418943533698,-1.3782542113323082,-7.964915475940016,57.25063671233628,125.1516928710254,69.40920403811866,0.8471860391427131,1.4295214405749266,-27.495150116531352,48262.4,0.26011967908765415,1.0,0.9,0.9,0.5,0.5,0.8099999999999999,BUY
AEG,440.0,451.58,495.7,False,False,False,False,54.166666666666664,-1.9744124827193446,-0.2886105406430535,-1.685801942076291,0.28634408155761726,-1.5659955257270708,-14.563106796116509,-2.6548672566371723,-26.174496644295296,35.80132441067457,46.46260954148599,-0.6318032989196944,-0.8300629015982469,-43.37837837837838,43847.3,0.23946742444802757,0.3,0.3,0.9,0.2,0.2,0.36,SELL
AEL,2150.0,2114.62,1986.114942626953,True,True,False,False,45.74468085106383,14.548970994861975,26.02183645110873,-11.472865456246755,0.22349363556343949,-1.82648401826484,2.3809523809523725,16.877694362387217,-6.477602689958339,26.699386077651106,28.91923493553653,-0.3702047196792514,-0.4480641459131402,-29.81814843654349,195348.55,0.8617417431560153,0.5,0.9,0.9,0.2,0.5,0.615,BUY
AFE,11404.0,11213.267265625,10054.827529296876,True,True,False,False,67.01361088871096,84.99746363475242,73.61420023585609,11.383263398896332,0.6881229845911386,3.672727272727272,17.579960582804198,28.742024936120657,12.721717314411919,18.723777277937295,24.02545390293897,0.2256994641881301,0.30176312560619506,-22.03824496404545,210763.85,0.746290220073319,0.7,0.9,0.7,0.5,0.5,0.69,BUY
AFH,781.0,724.52,790.9604666137695,True,False,False,False,66.96428571428571,18.89053786314014,12.248476727843315,6.642061135296824,0.7722809680898814,5.5405405405405395,-6.467065868263477,-3.788835511359112,-11.179438454927116,40.73262403264726,35.671764978682944,-0.44153272725251325,-0.6751369981209746,-30.276870797468764,92537.75,1.1240169552425903,0.3,0.3,0.7,0.2,0.5,0.37499999999999994,HOLD
AFT,3180.0,3504.64,3923.177125244141,False,False,False,False,41.32947976878612,-91.90530193207223,-90.08711315697012,-1.818188775102115,0.2461118793244788,-13.375102152002183,-23.188405797101453,-24.569202403494963,-37.049569752120306,36.31732431575987,43.74452622403042,-1.1036895000701483,-1.8483547211624192,-41.20436688011392,523197.65,0.6620729278887243,0.3,0.3,0.9,0.2,0.2,0.36,SELL
AGL,84855.0,76832.58734375,67904.58919921875,True,True,False,False,50.53715804629527,3169.958325980697,2890.9437933933764,279.01453258732045,0.5966464298593112,6.097926929905717,7.061504988591971,31.5138874056186,67.6904566674134,46.01156622711069,35.11483478339807,1.3150968288969391,2.3061470390026177,-20.587067016093112,853065.75,1.261072783662924,1.0,0.9,0.9,0.8,0.5,0.855,BUY
AME,4011.0,4075.930400009155,4275.764923210144,False,False,False,False,46.63212435233161,27.468968701228732,-1.8767016316982597,29.345670332926993,0.5465165685249872,0.2248875562218977,-10.866666666666669,-4.497268685837142,4.279123586113132,35161.649091748106,19685.398655536013,1.9922240255084422,79.59237450563367,-99.21456121896925,363.65,0.0,0.5,0.3,0.9,0.8,0.2,0.51,SELL
ANG,155606.0,165427.310625,141738.751015625,False,True,False,False,46.81870836953374,-497.81009916748735,-573.9309357551753,76.1208365876879,0.23865209125308792,-10.859689624949153,-11.837101813137341,17.311122228495556,113.1645389170711,54.23971181061672,52.23355189254497,1.6028717187162216,2.316422658806575,-29.892941315835518,1078607.6,0.8373712553110139,1.0,0.7,0.9,0.8,0.5,0.8049999999999999,HOLD
ANH,134394.0,122990.3209375,112899.3612890625,True,True,False,False,74.85382550982287,3191.064708943886,2501.677968513408,689.3867404304783,0.8548308801395406,8.359469259804108,5.521224771187794,21.93357034246297,10.722676782542372,35.97066749827924,23.436163606134986,0.23169262111094854,0.3024318504357967,-21.720671592010433,312614.1,0.8281936099491354,0.7,0.9,0.4,0.5,0.5,0.6449999999999999,HOLD
ANI,480.0,412.69739999771116,396.3946843099594,True,True,False,False,0.0,23.43234163321756,30.253692775443188,-6.821351142225627,-0.23047580193718253,-3.6144578313253017,-3.8076152304609256,11876.646660634518,12284.797045954754,13.571886303382193,27616.919401536437,2.8440674729557514,112.25878752005868,-99.24000003603052,375.85,0.0,1.0,0.9,0.8,1.0,0.2,0.8250000000000001,HOLD
AOO,20.0,204.61520034790038,136.0280004119873,False,False,False,False,50.02498750047282,-17.25242945221629,116.27609798408591,-133.5285274363022,0.35988951137859676,10.987788523519558,10.987788523519558,10.987788523519558,23.076923076923084,35159.75028052781,13974.498449531626,1.4036803394642525,68791157133.27089,-99.0,617.5,0.0,0.8,0.3,0.9,0.8,0.2,0.6000000000000001,BUY
APF,50.0,63.82,54.78,False,False,False,False,0.0,-3.405955197660191,-2.4782529189419256,-0.9277022787182654,-0.02355651244661236,-18.032786885245898,-31.506849315068497,0.0,0.0,40.82375150089252,48.33183355071273,0.07527216482730283,0.10674658153820661,-40.0,575217.65,0.01916665804674109,0.5,0.3,0.8,0.5,0.2,0.44999999999999996,SELL
APH,1700.0,1622.3,1469.3023840332032,True,True,False,False,41.007194244604314,38.329663130184144,54.07013825978225,-15.740475129598103,0.043826353548191456,-2.9126213592232997,9.677419354838701,22.836010257032658,50.58746998149988,29.90966247404645,51.50361675219513,0.868799778529601,1.2189727061582887,-22.88888888888889,58410.75,0.16361714239245345,1.0,0.9,0.9,0.5,0.5,0.8099999999999999,BUY
APN,14045.0,13626.54,11358.62548828125,True,True,False,False,54.42097026604069,245.20728984146808,290.3440212513287,-45.1367314098606,0.5313456493585108,5.2927505810030695,19.44042860787483,47.068062827225134,16.794647128562488,30.876248957671404,38.77867542253279,0.31948131214132475,0.6952751789967814,-27.675943146945574,1443481.2,1.066761382136463,0.8,0.9,0.9,0.5,0.5,0.7499999999999999,BUY
ARI,20500.0,22880.9325,20321.56908203125,False,True,False,False,31.342844535961177,-307.0232617760703,-128.26777127300215,-178.75549050306813,-0.19895175845396712,-13.923412831709769,-10.500776126082034,15.777930957039832,33.412937063692596,42.711715144620236,43.69348122150535,0.7132851383631141,1.0181453228293316,-23.468677208292508,439815.9,1.1602081689179495,0.9,0.7,0.9,0.5,0.5,0.73,HOLD
ARL,23655.0,25248.42,23911.991015625,False,False,False,False,35.873850197109064,-438.7382680467126,-420.41588096519433,-18.322387081518286,0.15548572260839097,-6.818718978964789,-15.439336526774861,6.800458828857692,28.330618843325283,14.882125187968558,24.059251850061862,0.9449669450915169,1.521047201780796,-16.000852242462983,133888.15,2.536998233226764,0.8,0.3,0.9,0.5,0.8,0.645,SELL
ART,3760.0,3416.86,3144.4114379882812,True,True,False,False,71.08843537414967,113.61206655697424,110.18155472467451,3.430511832299729,0.7211366460063715,12.946830880144189,11.242603550295849,31.956806888881207,48.74161811135031,24.419872122879845,25.568607217887536,1.367681105541917,2.0975373844749186,-8.160280783854928,37017.2,0.4555990188344878,0.9,0.9,0.4,0.8,1.0,0.825,BUY
ATT,1697.0,1709.3090234375,1604.706953125,False,True,False,False,51.02880658436214,-13.843339167166505,-17.595118327381996,3.7517791602154915,0.5933573582010494,-3.6342986939239097,-5.958003243008491,10.511588004531491,22.59664065783604,19.083824574577363,24.00423268248744,0.5746215028506443,0.9993574421137467,-11.724960782508042,909558.3,1.0060663511069055,0.8,0.7,0.9,0.5,0.8,0.745,HOLD
AVI,9465.0,10137.88390625,10168.353413085937,False,False,False,True,29.32330827067669,-191.40904948936804,-155.24625163103366,-36.162797858334386,0.08064226554280107,-3.5757946210268954,-15.553783170753233,-8.87222210364984,2.0371079632057754,18.541291500857774,18.87053244400648,-0.28959218975040674,-0.42576727110951523,-17.92774337085536,929424.05,0.724979087855538,0.5,0.2,0.8,0.2,0.8,0.47,SELL
BAC,500.0,879.86,887.61,False,False,False,True,36.6506153023007,-71.3058474927567,-20.186440861249345,-51.11940663150735,0.07695004321118008,-49.949949949949946,-52.38095238095239,-50.0,-20.63492063492064,882.3660901094181,284.65626382182177,0.8382935706799763,0.9946753330963801,-72.72727272727273,3051.05,0.26220481473591056,0.3,0.2,0.9,0.5,0.2,0.38,SELL
BAT,230.0,217.5,217.76,True,True,False,False,64.58333333333334,0.7044471259854959,0.18189195278464446,0.5225551732008514,1.1325846655954388,6.976744186046502,-3.361344537815125,7.476635514018692,11.650485436893199,32.82396225777067,28.056212697478216,0.17844913175598734,0.31108115386285207,-13.777777777777779,727340.8,0.8030884559205258,0.7,0.9,0.7,0.5,0.8,0.735,HOLD
BCF,1330.0,1375.7034497070313,1366.1598663330078,False,False,False,False,20.0,-12.086300997665148,-10.93720036971725,-1.1491006279478988,0.28968678989623525,-0.7462686567164201,-1.607390427036004,-2.970967325673446,6.118289104393182,21.767249823184592,9900.950921075535,0.9910779119976421,47.47334309033955,-99.06272526385976,5183.7,0.0,0.7,0.3,0.8,0.5,0.2,0.51,HOLD
BEL,4114.0,3940.4369873046876,4102.2182971191405,True,True,False,False,49.494949494949495,69.79429937407394,49.09322352438475,20.701075849689197,0.5369747364393826,-0.8437518057489046,7.9765048598559485,-3.1996107521112482,-4.302685065115397,35161.90071231959,9900.917856838378,0.9892275315871675,66.58425665304112,-99.09752843279605,9719.85,0.7013482718354707,0.5,0.9,0.9,0.5,0.2,0.615,BUY
BHG,70413.0,63297.4475,53582.23064453125,True,True,False,False,62.76055993642643,2576.9891649308847,2174.803233870944,402.1859310599407,0.7262233853007579,8.697263001898769,19.64157164644447,47.51951352689077,55.173632928159265,30.723403916906918,25.487058739805406,1.4851139192568032,2.6746753041434843,-15.783455259102979,353133.45,1.9784475245831286,1.0,0.9,0.7,0.8,0.8,0.87,BUY
BID,41498.0,41082.15359375,42535.01330078125,True,False,False,False,56.917735042735046,-25.330495350826823,-65.47306059983455,40.14256524900773,0.6977581360420894,0.9659132381207192,-1.9040977696880845,-1.0315978186402286,-12.610521265852858,16.406583552744873,17.942483217246767,-1.1118946582612834,-1.616717223426333,-16.89076036401937,897968.95,0.9169537543586558,0.3,0.3,0.9,0.2,0.8,0.44999999999999996,HOLD
BIK,12.0,10.596800000071525,12.939200000017882,True,False,False,False,,0.4573884490998541,0.5122893590292356,-0.05490090992938146,0.378165070689883,-14.28571428571429,-19.999999999999996,0.0,-14.28571428571429,50.709255283711016,13981.748741612964,1.435929171128876,50.85236370524154,-99.2352941456963,9661.45,0.0,0.3,0.3,0.4,0.8,0.2,0.375,HOLD
BLU,842.0,896.3815710449219,1113.7107568359374,False,False,False,False,27.89473684210526,-11.48626980549659,-5.883925428973182,-5.602344376523408,0.02403563385570218,-4.2093287827076225,-18.055212188294966,-28.000647169806392,-5.0290386000449665,29.60587406007795,44.33694639580083,-0.0581846757269029,-0.07947742839841225,-51.033526570013684,1165719.3,1.4569553751061683,0.5,0.3,0.8,0.2,0.2,0.405,SELL
BOX,8652.0,7570.24,7243.011677246093,True,True,False,False,73.61111111111111,325.7794502158531,233.62423730780694,92.15521290804617,0.875313249037893,20.30033370411568,22.60167209862547,16.328976447501486,35.83279698200037,36.10937104681665,27.77262269830296,0.9610224342896044,1.721439994962783,-13.7548300955166,337435.8,1.466148523659908,0.9,0.9,0.4,0.5,0.8,0.7499999999999999,BUY
BRN,477.0,512.3233795166016,477.75900698184967,False,False,False,False,44.30379746835443,-3.717187630967601,-3.524410233792218,-0.19277739717538278,0.2427767000308052,-4.600000000000004,-24.226670533301874,12.05914760453448,8.493633337579043,71.74561175234746,9900.958335879464,0.9915519278189686,45.52526213414541,-99.01467507497844,16604.55,0.18669581530363666,0.7,0.3,0.9,0.5,0.2,0.525,SELL
BTI,108000.0,97501.87734375,95668.458984375,True,True,False,False,79.94479066460329,2484.8999558691285,943.7635115543192,1541.1364443148093,1.0029719060963518,15.777963594262555,14.29198825067779,12.572831543845497,47.812231419380204,35.459083292499606,23.62938089379954,1.408376929043678,2.389041762582782,-16.3596067040194,372966.85,0.7235495594313543,0.9,0.9,0.4,0.8,0.8,0.7949999999999999,BUY
BTN,960.0,946.8,906.5730212402344,True,True,False,False,47.95918367346939,2.7963568345059002,1.870158281342571,0.9261985531633292,0.5756071078001993,-0.6211180124223614,-2.538071065989844,0.9983519727685408,10.591729568661279,13.738398825240692,18.755718119199543,0.17352727995344336,0.2222664675025016,-12.850003452532727,912060.0,1.5129826985066772,0.7,0.9,0.9,0.5,0.8,0.765,BUY
BVT,23363.0,23257.676875,23178.637177734374,True,True,False,False,51.3496348046999,-29.034851913907914,1.1063117697610139,-30.14116368366893,0.4684588095639712,-2.36941078144588,-4.162346228868707,3.0793806097267895,-2.916287948789309,20.03910504780603,23.1906013269613,-0.3667365223857187,-0.4879541319405176,-14.860234151215046,623979.3,1.0572434053501454,0.5,0.9,0.9,0.2,0.8,0.66,BUY
BWN,384.0,340.9,300.46,True,True,False,False,71.81818181818181,10.534155571639019,5.776587663151508,4.757567908487511,1.013407323288223,11.304347826086957,19.999999999999996,38.62815884476534,87.31707317073172,44.02909832369525,46.85949895464149,1.3820472470526652,2.1043664710047714,-15.737704918032788,64015.2,2.422580887039328,1.0,0.9,0.4,0.8,0.8,0.825,BUY
BYI,7785.0,6760.32,7912.74517578125,True,False,False,False,78.15442561205273,233.0510174409037,149.4065088451415,83.6445085957622,1.1208327296411413,12.272858379002027,20.697674418604663,-5.464480874316935,-35.732455906275206,31.50940196784103,44.77301216703518,-1.020841597435511,-0.926346876559168,-54.64060722706334,394229.55,2.3227228907625013,0.3,0.3,0.4,0.2,0.2,0.28500000000000003,HOLD
CAA,1436.0,1427.0145678710937,1577.9992272949219,True,False,False,False,47.66949152542374,-0.9541874449480474,1.1455272025609746,-2.099714647509022,0.5407662544741128,3.3093525179856087,-4.247505258417195,-10.232035723091249,-20.29481612273978,43.76929026128302,33.61322606758161,-0.933531498269856,-1.3626589348037408,-27.780710897743887,548726.1,0.044459339550278365,0.3,0.3,0.9,0.2,0.5,0.40499999999999997,HOLD
CAT,1245.0,1312.4020190429687,1306.6901782226562,False,False,False,False,53.424657534246585,-7.584402744775616,-9.338380259217134,1.7539775144415177,0.18928071733921248,-5.610310841546628,-14.841067201982682,-7.603665761942901,8.465255096007173,33.23527267024739,31.86234469880932,0.16240905678429557,0.23958713893917777,-16.494509079047514,44259.9,1.1017648029028533,0.7,0.3,0.9,0.5,0.8,0.615,SELL
CCC,90.0,114.06,250.23,False,False,False,False,100.0,-5.011853941840968,-8.691569629729866,3.6797156878888977,0.865148371668689,15.384615384615374,-54.54545454545454,-70.96774193548387,-77.5,35.2873040682796,157.2199681865688,-0.15133133606144475,-0.12232011294191125,-89.62962962962962,1285.2,0.0,0.3,0.3,0.4,0.2,0.2,0.28500000000000003,SELL
CFR,330500.0,310487.96,326767.7275,True,True,False,False,59.78926363210328,5033.740844581218,4253.97799377682,779.7628508043981,0.7060231830252801,3.0137362037957693,-0.461101523652907,-4.94843344664746,-0.8722139173124699,29.322863130473152,28.177109508913233,-0.23520851889118494,-0.3711421380369905,-23.69362281932538,105663.3,0.8627593497458436,0.5,0.9,0.9,0.2,0.5,0.615,BUY
CGR,428.0,464.16,491.59,False,False,False,False,31.506849315068493,-11.792643778052934,-12.233739127112477,0.44109534905954284,0.3348992877398455,-12.474437627811863,-19.999999999999996,-16.40625,-17.20068285934717,32.77400279010772,39.78308376731371,-0.4338760514261004,-0.641396349554512,-26.842105263157894,52997.55,3.560598555970983,0.3,0.3,0.9,0.2,0.5,0.40499999999999997,SELL
CHP,165.0,184.3741455078125,267.15035598754883,False,False,False,False,23.07692307692308,-7.078180851365971,-6.24547160457543,-0.8327092467905413,0.14458280373965016,-10.32608695652174,-30.08100716496648,-44.4414758719451,71.88831894484926,38.37462787027692,104.55207272133515,0.9641292543698706,1.0639344082329782,-79.6215525962288,18877.4,0.020712598133217498,1.0,0.3,0.8,0.5,0.2,0.6,SELL
CKS,1900.0,1672.565,2268.763486328125,True,False,False,False,49.67418219731526,73.67292316662792,-40.29983025595406,113.97275342258199,0.6366276359483037,-1.2474012474012475,1.333333333333342,-24.0,-37.67188005809303,35161.98677118898,13974.899823479333,1.3996455592120651,61.758159597754734,-99.44364161849711,1441.9,0.0,0.3,0.3,0.9,0.8,0.2,0.44999999999999996,HOLD
CLH,425.0,439.3502734375,447.39905166625977,False,False,False,False,38.095238095238095,-4.913179883470946,-4.775537625840061,-0.1376422576308851,0.28628739643359086,-2.7459954233409634,-12.715822513481466,-7.189099410908295,3.699561378198024,25.524182231230718,26.484171069231273,0.012886505324182724,0.023382737335541148,-21.118358536790442,286664.7,1.8068984426753625,0.5,0.3,0.9,0.5,0.5,0.51,SELL
CLI,1920.0,1672.5,1458.0982165527344,True,True,False,False,78.57142857142857,83.45546626136024,73.19454461585882,10.260921645501426,0.7463004991673118,16.43420254699819,23.870967741935488,46.67685255920551,67.10576893042848,64.53904899672507,54.715069420635146,1.0611713893656138,1.5336564469142453,-14.907280112571797,72721.9,0.9135762404447629,1.0,0.9,0.4,0.8,0.8,0.825,BUY
CLS,24896.0,28445.62,33416.3837890625,False,False,False,False,22.02826267664173,-1123.3993986989917,-962.6779066322755,-160.72149206671622,0.20649934274270845,-15.601057698827036,-22.9154410626374,-30.11144883040904,-34.13348895914833,38.41350222589524,22.762753700240083,-2.120532185162375,-2.6987776318512955,-36.95609982922085,1154657.9,0.8000049192059397,0.3,0.3,0.8,0.2,0.2,0.345,SELL
CMH,3750.0,3804.78,3568.2548400878904,False,True,False,False,32.67326732673267,-1.3261093989335677,42.25556055107432,-43.581669950007885,0.02704872462512746,-6.25,2.4310297732859976,2.5529132304875413,19.12115575440103,34.632224747085885,34.39056290957814,0.42163222228555197,0.5991495256128229,-17.525,28540.05,5.3399345831559515,0.8,0.7,0.9,0.5,0.8,0.745,HOLD
CML,4491.0,4508.02,4652.586494140625,False,False,False,False,44.42877291960507,-16.269126898968352,-13.789944045692483,-2.4791828532758693,0.33465779740380425,-3.044041450777202,-11.122105679794181,-9.133257722751543,15.954897754948227,22.254140454610127,23.008704606222118,0.3825269891675816,0.5121129466287887,-18.048309178743963,441166.7,0.44053188964624934,0.8,0.3,0.9,0.5,0.8,0.645,SELL
CPI,428500.0,429392.181875,404712.69421875,False,True,False,False,40.999260870923074,-433.6427866490558,719.6386204204291,-1153.2814070694849,0.18568452824382634,-1.5248707154844388,-8.297185334852708,9.630125450219463,21.410952521694515,22.636100173394105,21.232921967628567,0.6399758862572912,1.039470285369971,-14.757050920040532,220959.05,0.7123491886845097,0.8,0.7,0.9,0.5,0.8,0.745,HOLD
CPP,1150.0,1072.88,1061.810843811035,True,True,False,False,66.45569620253164,13.702309172288096,16.064172297253947,-2.3618631249658506,0.8650079487054627,4.545454545454541,14.200595829195638,6.0409148100013965,4.549689346214869,46.23021655804487,39.662350973103514,0.1086727615839904,0.10381862741842131,-13.397105629250369,6453.25,0.6122496416534304,0.5,0.9,0.7,0.5,0.8,0.6749999999999999,BUY
CPR,49.0,65.84,71.58,False,False,False,False,33.33333333333333,-4.609458036427895,-3.2285351727147296,-1.3809228637131659,0.0834239228917182,-27.941176470588236,-37.17948717948718,-27.941176470588236,-74.3455497382199,99.90756557355878,80.40253132072719,-1.412012093170696,-2.1307113690408466,-78.5,3166564.3,5.254425435163278,0.3,0.3,0.9,0.2,0.2,0.36,SELL
CSB,12550.0,13419.723125,13868.924248046875,False,False,False,False,35.44631306597671,-181.58803600835927,-175.97051544988724,-5.617520558472023,0.09001024778829335,-1.5686274509803977,-14.251715572876499,-0.36865582034603106,-16.570499070870415,18.86605769459657,39.573606483629064,-0.5544062277910319,-0.8570933391643261,-22.31100999051349,13717.1,0.10242689781367781,0.3,0.3,0.9,0.2,0.5,0.40499999999999997,SELL
DCP,3700.0,3601.16,3474.7033935546874,True,True,False,False,58.875739644970416,8.213756200376793,5.528691371189284,2.6850648291875086,0.6555457304025932,0.570807284588204,1.7042330951072104,6.945396116144487,13.865818623573878,29.484891607583986,23.679347902375035,0.3037545426842733,0.4363200868317212,-14.873566928728883,847875.8,1.9232227172894898,0.7,0.9,0.9,0.5,0.8,0.765,BUY
DIB,711.0,691.16,636.4555221557617,True,True,False,False,50.0,3.5705896473472194,5.0655737480214,-1.4949841006741806,0.5526344950670364,0.28208744710860323,5.803571428571419,9.765283316625318,32.51587508245966,18.746652465277556,31.044403555811,0.798357057654681,1.1316109832478867,-11.1731843575419,2397380.9,0.2776567545023822,0.9,0.9,0.9,0.5,0.8,0.825,BUY
DLT,34.0,33.24,31.525,True,True,False,False,55.55555555555556,0.08914802921309928,-0.07240051638728115,0.16154854560038043,0.6644592134364902,-5.555555555555558,-10.526315789473683,9.677419354838701,61.904761904761905,52.67089602065508,80.8720390958639,0.9002592094881943,1.2187720380238867,-29.166666666666668,75791.2,0.0022693927527206326,1.0,0.9,0.9,0.5,0.5,0.8099999999999999,BUY
DNB,254.0,216.57,219.92864999771118,True,True,False,False,100.0,10.675946138131167,-10.793149130647045,21.46909526877821,0.6854461265986236,0.7936507936507908,1.6000000000000014,26.368159203980102,29.664608091995493,35161.612230817904,24013.944609432274,2.4500031093545207,101.87011550275118,-99.17647062563428,2359.95,19.994915146507342,0.8,0.9,0.4,1.0,0.2,0.705,HOLD
DRD,4449.0,4981.500693359375,4740.147097167969,False,False,False,False,39.99999999999999,-82.20482165081648,-78.40650861867147,-3.7983130321450176,0.12024714874083957,-12.952455488162784,-21.067942947820672,-5.69309666850073,72.4757103378642,50.51929391694065,55.88219918587114,1.1497992823065355,1.7246557424121745,-28.615437263304706,1015677.75,0.4813180164673293,1.0,0.3,0.9,0.8,0.5,0.705,SELL
DSY,26500.0,25650.8502734375,23048.768466796875,True,True,False,False,55.065693430656935,355.96982842952275,388.2715292872309,-32.30170085770817,0.5543107264009343,2.0329585707685283,10.6983492826636,20.399732792102455,27.421482427987808,16.33468493096207,22.258354999933548,0.84691130594723,1.1186810873860875,-16.18984415527294,1290982.6,0.9756878210442185,0.8,0.9,0.9,0.5,0.8,0.7949999999999999,BUY
DTC,7560.0,7074.5,7094.535378417969,True,True,False,False,66.97916666666667,130.9101648570786,89.52216550981137,41.387999347267225,0.8199499629871441,10.753003222970992,-2.4390243902439046,2.767393431517684,19.475867045934557,34.86971416331103,25.809711493444993,0.5129741277822739,0.9013089825809755,-19.088832792402933,426312.5,1.0307767189561647,0.8,0.9,0.7,0.5,0.8,0.7649999999999999,HOLD
EMH,227.0,245.04,240.07036727905273,False,False,False,False,5.555555555555557,-7.255141283996494,-5.131028301395492,-2.1241129826010017,0.27414145669834133,-12.355212355212352,-10.629921259842522,-1.2467400980863186,-21.90692204336353,44.09432552351696,59.52748458458791,-0.2525682735561473,-0.24765882216785431,-37.842528434000805,2876.95,0.03128312970333166,0.3,0.3,0.8,0.2,0.2,0.345,SELL
EMI,1524.0,1382.92,1323.3778588867187,True,True,False,False,69.49685534591195,22.132986191597183,14.542569879574867,7.590416312022317,1.035928147962255,2.3505708529214298,13.392857142857139,10.48525123816395,47.39497615868957,35.27384628080604,27.925061787391776,1.1747742621243282,1.6163849948635032,-14.59344204871019,210809.5,1.5032908858471747,0.9,0.9,0.7,0.8,0.8,0.84,BUY
EMN,210.0,214.98,214.29795774936676,False,False,False,False,50.0,-1.180058847723842,-1.2566349446998024,0.07657609697596035,0.3851329270652937,0.4784688995215225,1.449275362318847,4.545373747796866,-23.26610590719892,20.675471097970625,9901.066192789258,0.9875852819834222,55.44455742444976,-99.1946827305898,855383.1,2.297682757585461,0.3,0.3,0.9,0.5,0.2,0.405,HOLD
ENX,400.0,397.0,394.30546279907225,True,True,False,False,32.758620689655174,1.520136536411428,2.127429992555382,-0.607293456143954,0.41547361628713136,0.25062656641603454,5.263157894736836,-8.045977011494255,-10.888331940963525,33.57205978087183,73.26514270432119,0.10618719222562265,0.106369176840911,-34.55336303228043,55700.2,0.44238620328113726,0.3,0.9,0.9,0.5,0.5,0.6,BUY
EPE,608.0,670.1,699.87,False,False,False,False,36.90987124463519,-20.570307910710767,-15.390991389752223,-5.179316520958544,0.15341020425989021,-13.142857142857146,-18.933333333333337,-22.05128205128205,8.185053380782925,49.91151482336207,35.50776969539204,0.24303191857883302,0.32037504225186025,-27.757575757575758,76768.85,0.04806637066987456,0.7,0.3,0.9,0.5,0.5,0.57,SELL
EPS,457.0,500.30280000686645,468.1307000017166,False,False,False,False,50.0,-12.683478534322205,-31.77921347460964,19.095734940287436,0.5810236656439256,-0.21834061135370675,-34.620886981402,98.69565217391305,37983.33182003769,35161.799723598655,17080.10294342583,1.7474882542198475,79.53927898220364,-99.5647618884132,125.0,11.2,1.0,0.3,0.9,0.8,0.2,0.66,SELL
EQU,1814.0,1735.18,1737.6187677001953,True,True,False,True,59.760956175298794,6.940301477241064,-1.9851409065177146,8.925442383758778,0.9249575225080412,2.7180067950169917,-4.223864836325242,6.705882352941184,18.889637112817127,21.492984688233552,19.73391511205108,0.5041586599669448,0.7015421453747189,-12.773722627737227,1391409.05,1.2856233758146103,0.8,0.2,0.9,0.5,0.8,0.62,BUY
EUZ,24.0,25.6,48.26317109107971,False,False,False,False,0.0,-0.34296983833943173,-0.678439683496541,0.3354698451571093,0.5,14.28571428571428,-48.93617021276596,-75.94962470983764,-3.7984988393505503,53.308280275341644,14576.53987086138,1.4394268234135896,50.70180895382276,-99.51999999655958,5275.2,8.251061571125266,0.5,0.3,0.8,0.8,0.2,0.495,SELL
EXX,21025.0,21459.4376171875,18861.801796875,False,True,False,False,49.87789703328293,-10.712973469031567,69.77991828064809,-80.49289174967966,0.30603141630542136,-3.067875448775259,10.50313582211755,13.300684447784406,45.07180311699264,30.065687520317073,27.741975639358717,1.1099653678720673,1.8016975789421756,-14.84552392229257,862423.65,0.5462918369643504,0.9,0.7,0.9,0.8,0.8,0.8200000000000001,BUY
FBR,4948.0,5211.84,5444.606940917969,False,False,False,False,32.59085580304807,-70.59282517058455,-20.781329691531603,-49.811495479052944,0.0008198771389657599,-9.542961608775135,-12.471254201309034,-6.3484601127403835,-15.091879373288075,26.18325491505727,29.450318330473007,-0.6752162905863771,-1.12642257592612,-24.58207872871967,55925.55,0.7695588152463408,0.3,0.3,0.9,0.2,0.5,0.40499999999999997,SELL
FFB,2586.0,2379.04109375,2361.8603076171876,True,True,False,False,73.38935574229691,43.32092885181464,29.66937719904793,13.651551652766713,1.1498682199537245,8.20083682008368,2.2525325521449258,8.97173068789725,31.167268217268518,17.72726901614978,20.4139198834209,1.034534780539367,1.5413178233145939,-16.822980709557637,2752149.8,2.3418180216789075,0.9,0.9,0.4,0.8,0.8,0.7949999999999999,HOLD
FGL,114.0,111.04,114.79674865722656,True,False,False,False,59.57446808510638,0.39854257159883844,-0.5570777019855252,0.9556202735843636,0.8180844179588176,5.555555555555558,-2.564102564102566,-12.271394778512136,52.062910955694264,66.38624940262471,68.59145215075803,0.8334274872646591,1.365234029644021,-31.005941915332574,87234.95,0.6338973083609265,1.0,0.3,0.9,0.5,0.5,0.6599999999999999,HOLD
FSR,8776.0,8875.9928515625,8542.602404785157,False,True,False,False,46.624022743425726,-14.77057779007555,-11.660586717733858,-3.109991072341691,0.28035738868955373,-2.7590027700831077,-8.000060605589066,9.3774486810015,16.92821781228131,24.286207341500585,24.822454731441095,0.5139178782218019,0.7800786314743237,-13.418552993338103,15250044.6,0.661985080358388,0.8,0.7,0.9,0.5,0.8,0.745,HOLD
FTA,1810.0,1815.58,1806.5404336738586,False,True,False,False,50.0,-3.5279808887200943,-4.956259919824181,1.4282790311040863,0.5874169677540284,0.05527915975678255,-4.131355932203384,-1.3222041478625601,7.185716397567199,15.432166128139905,9900.899154231238,0.9905086214075597,45.193844322860684,-99.01280686410495,15425.05,0.07883280767323284,0.7,0.7,0.9,0.5,0.2,0.625,HOLD
FTB,676.0,671.34,640.0897994995117,True,True,False,False,35.55555555555556,-0.5943974876743141,0.37466773878974274,-0.9690652264640569,0.38712412767035914,-3.4285714285714253,-3.4285714285714253,5.498119660659739,39.20485852756048,26.77972938442737,24.395606088351244,1.1251054058667331,1.7079457589342233,-16.445623342175068,2460426.2,0.897505887394631,0.9,0.9,0.9,0.8,0.8,0.87,BUY
FTH,601.0,606.2,638.8231549072266,False,False,False,False,51.27840909090909,9.002789927844333,8.739744033595528,0.26304589424880476,0.3847938669900213,-7.538461538461538,-5.946791862284817,-13.236908790667623,-7.44800920972194,154.56424620637873,62.027167418675454,0.05440284896135592,0.06240434416766292,-25.96697794646196,7865.9,0.10183195819931604,0.5,0.3,0.9,0.5,0.5,0.51,HOLD
GCT,1514.0,1442.3,1427.6310729980469,True,True,False,False,65.30054644808743,28.171186593202947,28.705666473378347,-0.5344798801754003,0.6328124887632921,26.16666666666667,13.097179849100883,10.483532390715155,,61.26530750786956,,,-0.05224977519711913,-37.794974194699854,4537.0,0.11902137976636544,0.3,0.9,0.7,0.2,0.2,0.48,BUY
GFI,67824.0,76183.23265625,72510.36458984375,False,False,False,False,40.921821513778916,-1588.7536856279476,-1320.2194162353344,-268.53426939261317,0.05815457932500643,-14.300876904804028,-23.44232427789604,-6.287334333197392,82.97758166993532,58.39745974497559,53.87715774258748,1.284882563047821,1.891416123590822,-28.800311950098,1678166.05,1.1779638850398624,1.0,0.3,0.9,0.8,0.5,0.705,SELL
GLN,12750.0,12225.97208984375,9522.609584960937,True,True,False,False,54.81422600809033,210.90212856031212,195.8467713771935,15.055357183118616,0.624162749044029,2.4926453127238624,17.92531649525526,52.95207700743452,97.31006356131518,27.808287770238493,31.427654312494813,1.981976248693674,3.3659346748181895,-14.076923765534366,3575644.75,0.4279804362555872,1.0,0.9,0.9,0.8,0.8,0.9,BUY
GML,82.0,103.08,124.235,False,False,False,False,42.52873563218391,-4.649843497497244,-4.4305395151162505,-0.21930398238099347,0.05430176422078738,-18.000000000000004,-30.508474576271183,-38.34586466165414,-19.6078431372549,133.75608841478765,78.20217268695147,-0.0885198135909963,-0.13658316009472188,-55.0561797752809,54640.9,1.2446720313904054,0.3,0.3,0.9,0.2,0.2,0.36,SELL
GND,2381.0,1985.302412109375,1703.4893872070313,True,True,False,False,83.29238329238329,99.61987947063335,92.20692776282252,7.412951707810834,0.9634127302932518,14.857694163048718,32.397069462407615,39.28791118892035,82.30137973170268,23.459510810823286,29.946749397358367,1.9400445691497132,3.025411263203255,-19.637675296632008,2005977.95,0.5447218400381719,1.0,0.9,0.4,0.8,0.8,0.825,BUY
GNDP,10051.0,10308.465,10136.483583984374,False,False,False,False,48.97084048027444,-53.52908151657721,-70.9318898174557,17.40280830087849,0.4157215780079237,-2.4174757281553383,1.7737939766295119,0.5525089659485838,4.790123959579495,18.05478450133074,27.14342164356016,0.01184329897068078,0.015316693660659837,-10.909095269146988,2594.9,0.03005896180970365,0.5,0.3,0.9,0.5,0.8,0.5549999999999999,HOLD
GPL,210.0,196.94,219.995,True,False,False,False,52.94117647058823,2.4758882460280063,2.418366780923683,0.05752146510432343,0.6683245098331407,10.526315789473696,6.060606060606055,-1.869158878504673,-23.357664233576646,55.656473526741046,65.94770057027579,-0.19499648484633367,-0.2740299711236006,-40.96774193548387,77478.5,3.9754770678317213,0.3,0.3,0.9,0.2,0.2,0.36,HOLD
GRSP,619.0,602.16,665.545,True,False,False,False,53.146853146853154,-0.9953931289818456,-1.4023470421621806,0.406953913180335,0.6488274055710584,-1.746031746031751,0.6504065040650486,3.166666666666673,-15.205479452054792,35.16742084495367,74.81936096700315,0.3024867853587967,0.34206856463430496,-46.96969696969697,27286.35,0.859953786417018,0.3,0.3,0.9,0.5,0.2,0.405,HOLD
GRT,1645.0,1667.371435546875,1644.3542596435548,False,True,False,False,38.805970149253724,-13.81637842754617,-14.026925066211804,0.21054663866563494,0.38428792109453913,-3.349001175088129,-12.233297034810109,-0.38585048327037796,26.73468752465764,16.631563135945875,20.997285758274586,0.8302325112168478,1.1951868103468866,-14.53581159272039,8877793.9,0.823233911749179,0.8,0.7,0.9,0.5,0.8,0.745,HOLD
HAR,26509.0,27612.8587890625,30466.7037109375,False,False,False,False,46.59706413376246,125.30443986140381,115.59468094914831,9.709758912255495,0.23679510736969378,-5.705080352388203,-22.086849179939392,-14.787579006463414,2.067726407878556,68.07444593047272,59.32119920963288,0.2210560625848654,0.325568369184756,-44.24720317868327,3683207.3,0.6430373875507903,0.5,0.3,0.9,0.5,0.2,0.46499999999999997,SELL
HCI,16513.0,16607.74,14537.39798828125,False,True,False,False,48.976897689768975,32.65408091313293,120.24179013191073,-87.5877092187778,0.21745944944818318,-2.750294464075387,2.2540095361941903,26.173886479474007,24.230156786159252,24.360703081590827,32.98105769332918,0.5736353432188821,1.042746093866728,-20.148687673667215,41022.75,1.544386956018307,0.8,0.7,0.9,0.5,0.5,0.7,HOLD
HDC,19250.0,19486.18,19130.79951171875,False,True,False,False,48.03356056633455,-39.233980019995215,-59.05858171874196,19.824601698746747,0.21902337053918003,-1.4336917562724039,-4.83509368133409,6.549105181025916,-0.5922507140897593,12.130591324659019,30.16324785827214,-0.10516482107725801,-0.17503505531851962,-15.850540844029643,9992.7,0.24557927286919448,0.5,0.7,0.9,0.2,0.8,0.61,HOLD
HLM,175.0,193.26,232.295,False,False,False,False,15.151515151515156,-3.902542946228351,-2.6866991372859226,-1.2158438089424286,-0.09519807030918678,-7.8947368421052655,-21.52466367713004,-24.242424242424242,-21.875,28.45254953129503,63.792162307155586,-0.18666226172303838,-0.2625058757767211,-40.67796610169492,329626.15,0.22360786606281083,0.3,0.3,0.8,0.2,0.2,0.345,SELL
HMN,7005.0,7235.4033984375,7167.442265625,False,False,False,False,35.58844256518674,-21.04675367749769,17.182911587143572,-38.22966526464126,-0.1444266065352904,-4.093647316538885,-8.070966283831938,-0.3862554496402826,8.664389595236855,25.357545964619117,22.482324015064382,0.14015611953991963,0.20718537790681496,-16.553196059102113,280904.0,0.9411471534759206,0.7,0.3,0.9,0.5,0.8,0.615,HOLD
HUG,149.0,138.98,133.805,True,True,False,False,48.275862068965516,1.932696533213175,2.6711698236018036,-0.7384732903886286,0.5382708563272849,-0.666666666666671,3.472222222222232,-0.666666666666671,-23.589743589743595,48.77572794654183,111.59778956993244,0.2446610088266621,0.24033326315963344,-69.23076923076923,389863.45,0.010260002572695645,0.3,0.9,0.9,0.5,0.2,0.555,BUY
HYP,5626.0,5620.002236328125,5347.7127612304685,True,True,False,False,52.66524520255864,0.24662734271805675,-8.024276481005366,8.270903823723422,0.5346299215139608,-1.6777350576721473,-8.036500465801721,9.182129569518892,30.252666737584466,13.44392640618409,19.444957478734594,1.0717493307714547,1.5025242767666385,-16.75465513258636,799679.55,1.3374357265982355,0.9,0.9,0.9,0.8,0.8,0.87,BUY
IMP,24246.0,25199.837734375,23494.30423828125,False,True,False,False,49.23964750838338,227.97357130831733,134.9910627801163,92.98250852820104,0.32891441856206255,-5.266859420176607,-16.265008310800887,27.88319832438779,117.96193043310925,74.46208793211355,66.71429281932375,1.4205885039851966,2.008920681947808,-40.100814822227385,2860812.6,0.5643966333201972,1.0,0.7,0.9,0.8,0.2,0.76,HOLD
INL,13125.0,13316.18,13053.167172851563,False,True,False,False,24.14943295530354,-87.01517880008396,-4.707556851851303,-82.30762194823265,0.14958293232694753,-5.330351990767457,-3.165117308543608,-0.11159407849044012,9.268825701588778,13.048682055469122,23.3026200837251,0.21768903228167102,0.3365204319109469,-15.220714391811384,752175.95,0.5599660558144673,0.7,0.7,0.8,0.5,0.8,0.7,HOLD
INP,13317.0,13484.64,13115.110849609375,False,True,False,False,26.85337726523889,-50.68910658760615,39.57404725543371,-90.26315384303986,0.06353631536228656,-4.878571428571432,-2.360876897133224,1.4111631042836636,10.079688781235818,16.038596675606996,22.394268764141284,0.28326550409964985,0.45952054484768323,-15.291514849861665,1800607.4,0.7225400717557865,0.7,0.7,0.8,0.5,0.8,0.7,HOLD
INPPR,8700.0,3015.42,2588.598407936096,True,True,False,False,100.0,2076.483864147258,1292.823705098985,783.6601590482728,0.798433409657833,9900.0,9900.0,7.193096171656221,12.715103239306668,35141.51391161173,25886.537601863165,2.650470017426543,101.31153056242619,-99.02367859629103,170.2,20.0,0.7,0.9,0.4,1.0,0.2,0.675,BUY
INPR,9459.0,9757.96,9923.151284179687,False,False,False,False,52.67326732673266,-107.63929797012497,-135.18109103181433,27.54179306168936,0.5741207700666032,-0.9528795811518331,-5.410000000000004,-6.538610171797499,-4.352856207011435,22.40417622076721,19.38288743324631,-0.44141165517115394,-0.5146754305160108,-14.69066257223256,12897.0,0.6757385438474064,0.5,0.3,0.9,0.2,0.8,0.51,HOLD
IOC,414.0,422.28,420.31,False,False,False,False,32.432432432432435,-2.5863602872103684,0.6113251321395841,-3.1976854193499524,0.15524890550521436,-5.045871559633031,-9.010989010989013,0.4854368932038833,23.582089552238816,32.521648276220674,33.47817084041001,0.5407004936384593,0.9709182543635557,-19.017094017094017,791219.75,0.34445550682980297,0.8,0.3,0.9,0.5,0.8,0.645,HOLD
ISA,210.0,228.04,213.39346710205078,False,False,False,False,39.34426229508197,-4.4728756659593785,-2.9998847054853637,-1.4729909604740148,0.18236019582999322,-11.016949152542377,-17.322834645669293,-1.3665007051055111,10.676030776366963,94.20783045318879,62.47620443370144,0.34752337012663415,0.4234586429953954,-22.56809338521401,31369.95,2.2050082961560347,0.7,0.3,0.9,0.5,0.5,0.57,SELL
ISB,70.0,65.41320000052453,65.61830000013113,True,True,False,False,51.48500148557983,1.5516737199841515,0.5830670256999646,0.9686066942841869,0.586594269860628,7.692307692307687,9.375,2.941176470588225,7.692307692307687,35160.32216340683,9901.23493102779,0.9952970173442666,42.28756127284474,-99.18518515280735,23791.15,0.0,0.7,0.9,0.9,0.5,0.2,0.675,BUY
ITE,797.0,870.3268103027344,935.7613632202149,False,False,False,False,27.607361963190172,-15.861120212262222,-8.80446251778713,-7.056657694475092,-0.09637486798295856,-8.914285714285718,-20.517045129449972,-13.2520118776147,-20.982490587886172,29.97929891630107,29.42778172374041,-0.960769449876329,-1.2276649213892352,-28.10118787325109,500801.3,0.2399913897987086,0.3,0.3,0.8,0.2,0.5,0.38999999999999996,SELL
IVT,3650.0,3679.3,3651.4900085449217,False,False,False,False,47.23707664884135,12.167008892203285,17.449686847732778,-5.282677955529493,0.27402610946954065,-1.297998918334231,-0.05476451259583959,-2.0134228187919434,14.672827999425353,27.026481149049637,24.424479400119058,0.3553435260600667,0.5483686298102203,-9.666666666666666,10149.55,0.8938327315004114,0.7,0.3,0.9,0.5,1.0,0.645,HOLD
JBL,65.0,73.24,76.51,False,False,False,False,42.857142857142854,-2.6756998712400275,-3.1977282054377287,0.5220283341977012,0.36956270131318575,-12.16216216216216,-34.34343434343434,-4.411764705882348,-26.136363636363637,43.12328937125405,55.74755548372552,-0.3065726095434295,-0.600751899925805,-44.339622641509436,1559082.75,0.20732318409654651,0.3,0.3,0.9,0.2,0.2,0.36,SELL
JSE,15629.0,16145.01044921875,14461.762924804687,False,True,False,False,51.53846153846153,-99.44090833929113,-94.7418322208596,-4.69907611843152,0.3730337433500364,-1.704402515723269,1.0645052144147238,14.192923663087797,19.58037730954283,16.569765928744225,20.715129174780113,0.5685599819830344,0.8323075394503917,-13.262155970795334,117496.95,0.7659092427505565,0.8,0.7,0.9,0.5,0.8,0.745,HOLD
KAL,4470.0,4511.44,4511.170494384765,False,False,False,False,46.22124863088719,-1.828008555521592,22.47441837661063,-24.30242693213222,0.3219521281305258,4.781997187060472,-6.874999999999998,-2.7952255137049353,13.216346554888547,28.93163691452364,29.58435350004861,0.2714361135483642,0.39091048681856516,-17.620905227647718,39809.75,1.5233956505629902,0.7,0.3,0.9,0.5,0.8,0.615,HOLD
KAP,244.0,212.98,191.82,True,True,False,False,59.30232558139535,10.439866858559952,11.09357481172018,-0.653707953160227,0.5761000438390181,9.4170403587444,8.444444444444454,49.693251533742334,-8.270676691729328,43.268286560273836,57.64439875949826,-0.06544204505702793,-0.08588802907362023,-47.31182795698925,5828820.1,4.06747842500749,0.5,0.9,0.9,0.2,0.2,0.5700000000000001,BUY
KIO,31541.0,32210.659765625,33144.16791015625,False,False,False,False,47.75120979220039,31.350621654222778,-55.88499278361995,87.23561443784273,0.3367704747130146,-2.9507692307692346,-17.64452935831955,-5.7346669762731945,-1.012578868476799,26.51393691414835,32.147973085864564,-0.16759178871693073,-0.2820718409121547,-23.628700171469983,220091.75,1.0637609088028062,0.5,0.3,0.9,0.2,0.5,0.465,SELL
KP2,73.0,71.54,73.33,True,False,False,False,52.94117647058823,-0.5676207396329858,-0.7398827841062547,0.17226204447326898,0.8990624359849932,1.388888888888884,-10.97560975609756,4.285714285714293,-8.750000000000002,32.41695008007092,60.89538227113057,0.019525206973590708,0.033421546141270596,-40.229885057471265,952608.8,2.6576260895343395,0.5,0.3,0.9,0.5,0.2,0.46499999999999997,HOLD
KRO,75435.0,81073.14,82504.8277734375,False,False,False,False,43.961339278296265,-1316.257091776366,-245.87053439914519,-1070.386557377221,0.055655099134338304,-9.658682634730543,-5.705071313391419,-4.6478410354939825,-9.657355558085944,64.51084319184002,49.66989142766036,-0.042843356002664694,-0.05924464798211473,-31.378340622076056,1112.15,1.1805961426066627,0.5,0.3,0.9,0.2,0.5,0.465,HOLD
KST,2681.0,2723.4334423828127,2565.0604846191404,False,True,False,False,32.64743785622235,-18.830158119007592,1.23173371606953,-20.061891835077123,0.10187401774617119,-6.439990137386475,-2.493465971775488,8.340598709053637,32.88632811561696,17.371402449045416,21.419837718783153,1.0245658410465361,1.4156426577825896,-10.679273729361103,581308.1,0.8570068092978578,0.9,0.7,0.9,0.8,0.8,0.8200000000000001,HOLD
LAB,3.0,4.4,5.46,False,False,False,False,0.0,-0.4671709722558761,-0.4432816430861824,-0.023889329169693718,0.2816089009800402,-40.0,-62.5,-50.0,-50.0,110.68803957638403,210.06462890390378,0.6383900769154303,1.5696426347673815,-66.66666666666666,18917309.0,0.06577574009072855,0.3,0.3,0.8,0.5,0.2,0.39,SELL
LBR,425.0,457.64685424804685,437.9328762817383,False,False,False,False,36.36363636363636,-9.487643289174798,-3.817277602858387,-5.670365686316411,0.12068920643589584,-7.608695652173914,-8.54879992298514,-9.7137874419155,34.147661836616194,44.084285179274495,60.52514702435086,0.5818461413822802,0.9819708741278143,-23.428567307332145,291440.8,0.4852546383347836,0.9,0.3,0.9,0.5,0.5,0.63,HOLD
LEW,8263.0,8572.7,8374.2081640625,False,False,False,False,41.79401993355482,-86.0727685618167,-55.39584607191557,-30.67692248990113,0.13989254970030762,-5.781071835803875,-12.375397667020149,5.298112967107027,6.0347607250500035,24.277506205682002,25.93210314488682,0.04632235511888754,0.07327874137096112,-21.18836393645554,12945.5,0.8743578849793364,0.7,0.3,0.9,0.5,0.5,0.57,SELL
LHC,1110.0,1169.14,1193.2988836669922,False,False,False,False,26.3888888888889,-23.7869505977435,-6.890228361546322,-16.896722236197178,0.17579728752733076,-11.55378486055777,-1.1576135351736405,-7.0842971264565735,-24.98868410704179,41.91633428157334,32.55420097287362,-0.9613869236282176,-0.9660640946542305,-29.35109149934309,2888165.05,1.184309047711799,0.3,0.3,0.8,0.2,0.5,0.38999999999999996,HOLD
LSK,7960.0,8171.88,7785.375,False,True,False,False,47.4964234620887,-39.45222053699854,-17.675798249729418,-21.77642228726912,0.34505446665267514,-0.5000000000000004,8.210984230560081,15.647246840040685,-2.9268292682926855,73.8317361115246,50.16901972635036,0.030478296189188937,0.0393516437075205,-27.108835967059868,4337.85,7.370241018015837,0.5,0.7,0.9,0.5,0.5,0.6099999999999999,HOLD
LTE,753.0,767.3151550292969,811.9902703857422,False,False,False,False,43.373493975903614,-5.6742528652685,-6.135229606238812,0.46097674097031227,0.36332475642994283,-1.4397905759162333,-12.44018884070095,-7.035264751065629,-10.354022767341654,13.7557186454334,14.059440589958793,-1.3436443290598956,-2.207979922051268,-16.399318784629248,1750246.05,0.7227966605038189,0.3,0.3,0.9,0.2,0.8,0.44999999999999996,SELL
MCZ,350.0,347.44,240.34,True,True,False,False,51.65562913907284,4.903700350054237,8.77792618320941,-3.8742258331551724,0.31260623456676384,-1.4084507042253502,59.09090909090908,59.09090909090908,141.3793103448276,102.17352349921451,121.29040072346673,1.242919120046062,2.233828376064846,-42.173913043478265,15519.7,0.7025264663621075,1.0,0.9,0.9,0.8,0.2,0.81,BUY
MDI,1720.0,1704.66,1633.15,True,True,False,False,55.319148936170215,2.1826207141889427,0.2095815832932698,1.973039130895673,0.5206665692080706,-1.658090337335616,-5.129619415333697,9.554140127388532,21.09102443754005,20.243137516127483,53.87524649648656,0.4719164281794302,0.727420950538189,-18.229166666666664,135867.15,1.228229193002135,0.8,0.9,0.9,0.5,0.8,0.7949999999999999,BUY
MHB,580.0,518.9847999954223,525.8811999988555,True,True,False,False,77.52808988764045,30.382094095135812,27.18846179094023,3.1936323041955816,0.5932304982309392,10822.787311677384,-3.4941763727121433,-3.3333333333333326,50.71215295474227,35139.79535409385,13974.436300733647,1.4073129803090458,60.60946211815885,-99.15040000915528,2416.05,0.0,1.0,0.9,0.4,0.8,0.2,0.735,HOLD
MKR,2757.0,2202.9,3002.91,True,False,False,False,65.46026750590087,128.80339364600877,99.76954529312648,29.033848352882288,0.9352369962700523,41.38461538461537,3.4133533383345904,-19.78469595577539,-31.023267450587944,101.3950735608936,105.09393955361766,0.08706054602258691,0.14163548284376581,-61.68582375478927,142581.45,0.23729594558057865,0.3,0.3,0.7,0.5,0.2,0.375,HOLD
MMP,3146.0,2332.137600097656,2362.263765068054,True,True,False,False,48.848684210526315,332.27141983098545,167.92252692264222,164.34889290834323,0.6231665524462705,-2.0242914979757054,11.362831858407073,13175.752686484393,9.833045624979174,35162.11648722955,24014.115424648513,2.4491735774211607,89.7372443407614,-99.22549018033486,9.9,0.0,0.7,0.9,0.9,1.0,0.2,0.7500000000000001,BUY
MNP,16783.0,18352.4462109375,20452.76908203125,False,False,False,False,33.45395332006514,-474.350785001021,-421.9990112719239,-52.35177372909709,0.2394116119990609,-12.374040620268367,-19.532874865878703,-11.135526529153438,-42.33848490706842,41.95771866048882,32.41580254622899,-1.836679866217119,-1.9136278831326334,-44.5553147051787,710145.0,1.015662998401735,0.3,0.3,0.9,0.2,0.2,0.36,SELL
MPT,2170.0,2162.5975341796875,2311.391961669922,True,False,False,False,52.15419501133787,-8.674466196732283,-10.603535350439328,1.9290691537070455,0.7216499596784034,0.0,3.7922147197705147,-1.6185207314235783,-16.324826475347876,29.01579746272791,37.61174699136931,-0.499834991599127,-0.8030912957501004,-31.935061657334312,54385.0,0.9662223039441022,0.3,0.3,0.9,0.2,0.5,0.40499999999999997,HOLD
MRF,124.0,115.90757400512695,112.09913402557373,True,True,False,False,65.625,2.0715576210711646,0.9252065095386286,1.146351111532536,1.0049578768050025,8.771929824561408,6.056047015931254,11.78880138529863,7.940111933322691,32.40915973043645,34.19680661845417,0.1852786616309363,0.2907133251881495,-24.599189950193484,1818707.15,0.27185410251452524,0.7,0.9,0.7,0.5,0.5,0.69,HOLD
MRP,15250.0,15983.4,18752.2699609375,False,False,False,False,35.004284490145665,-233.80179280199263,-189.26309397342771,-44.53869882856492,0.25566970645392934,-3.3831728332488598,-9.177535584539331,-24.683483496924254,-39.47084119406169,29.834298262644833,30.985608650258474,-1.7017702350582866,-2.165544509368873,-41.18947239163358,1033222.0,0.7387202363093314,0.3,0.3,0.9,0.2,0.2,0.36,HOLD
MSP,2118.0,2007.64,2150.24,True,False,False,False,61.33720930232558,23.534570005062506,17.63033887682244,5.904231128240067,0.9324032573481814,5.899999999999994,-1.4883720930232602,-0.5633802816901401,11.181102362204731,26.017673658008906,27.85685124421996,0.15543382930705518,0.2273876212348483,-27.079303675048354,2080404.8,3.3981434766926126,0.7,0.3,0.7,0.5,0.5,0.5399999999999999,HOLD
MST,1400.0,1432.92,1398.951567993164,False,True,False,False,56.56836461126005,4.839345491926224,2.6897536495512857,2.1495918423749383,0.3780399980201736,-0.990099009900991,-4.109589041095896,3.703703703703698,7.702946918208942,41.161726869523285,43.46363154666353,0.2030776832349538,0.27610793822823393,-13.333333333333334,2710.35,0.007748076816647297,0.7,0.7,0.9,0.5,0.8,0.715,HOLD
MTA,496.0,505.0,555.6,False,False,False,False,26.760563380281695,0.21892597517262402,3.9804047316806477,-3.7614787565080237,-0.28625307061871924,-7.289719626168223,10.46770601336302,-15.932203389830512,-40.95238095238095,31.886955260068916,59.212838171751145,-0.5962423287645826,-0.8619918172866459,-53.125,72481.5,1.523712947441761,0.3,0.3,0.8,0.2,0.2,0.345,HOLD
MTH,10100.0,11498.70771484375,11388.674750976563,False,False,False,False,24.306472919418766,-406.17864336552157,-336.025630241524,-70.15301312399754,0.10229664454714897,-12.667531344574146,-23.245085912529937,-9.378530043772104,9.58028622848821,23.650312525081876,26.26148159633684,0.18351088633725718,0.3019182767155594,-25.906076711840818,573912.4,2.2058000489273275,0.7,0.3,0.8,0.5,0.5,0.5549999999999999,SELL
MTM,3676.0,3690.958701171875,3625.4784411621094,False,True,False,False,48.00693240901213,7.388943600361017,20.274446566153472,-12.885502965792455,0.18929740981748586,-1.632325394701628,-5.521641541599786,8.086345916167858,6.333530695906453,19.08848020323506,21.954131124667757,0.03760788370727972,0.060648418477470226,-15.125429708580477,1829412.7,0.4794593368680561,0.7,0.7,0.9,0.5,0.8,0.715,HOLD
MTN,20810.0,20068.62609375,17395.6273828125,True,True,False,False,54.70872668662216,322.85825398321685,361.19168793149686,-38.33343394828,0.5246141049624988,2.1851215320402684,6.62501493590022,23.90080930111944,73.23015665913084,27.314944553546646,33.81498654284098,1.5741221348112422,2.5361766997740465,-21.652766635490263,4181171.75,0.667147911348057,1.0,0.9,0.9,0.8,0.5,0.855,BUY
MTU,37.0,35.72,49.305,True,False,False,False,53.125,0.11198927124829083,-0.3368474734240427,0.44883674467233353,0.7834270318480007,12.12121212121211,-5.128205128205132,-41.269841269841265,-32.72727272727273,134.91937316964336,93.3066876929741,-0.12465591573562257,-0.20243469821690505,-60.0,278686.85,0.07176513710639738,0.3,0.3,0.9,0.2,0.2,0.36,HOLD
N91,4846.0,4958.28,4916.694536132813,False,False,False,False,53.303964757709245,-27.470260400222287,-40.88172991151937,13.411469511297085,0.5462366777961448,-0.879525465330333,-7.6952380952381,-1.5167808637512992,27.139175497103384,16.536734749423537,25.804329269901327,0.7029182530349309,0.9813834863778566,-17.892156862745097,418784.85,0.42318388547245683,0.8,0.3,0.9,0.5,0.8,0.645,HOLD
NCS,250.0,214.33360000610352,200.6328000020981,True,True,False,False,53.90625,10.755494628390693,9.929398366830522,0.8260962615601706,0.805968259234161,4.602510460251041,19.047619047619047,35.13513513513513,28.282090312188846,84.76099243387324,21965.195988864896,2.2327626254210835,79.85835088880103,-99.23859646445827,2308.9,0.0,0.8,0.9,0.9,1.0,0.2,0.78,BUY
NED,25585.0,26895.4891796875,25440.57798828125,False,True,False,False,36.95054945054945,-364.7283284680598,-292.5174832459596,-72.21084522210015,0.08319219141794401,-5.454343889730606,-8.974770286636446,2.00209415636623,-1.2987302633551856,16.51371962183024,24.358152926625205,-0.18364955242976652,-0.25873628277071303,-19.784084004647664,1512647.4,0.7602452494877524,0.5,0.7,0.9,0.2,0.8,0.61,HOLD
NPH,33474.0,35330.6778125,31306.577412109375,False,True,False,False,45.9442291812234,-50.49557437589101,-172.06562522254438,121.57005084665337,0.3066582565919089,-7.650288299721353,-12.304883896900309,21.75961944435425,149.8184778228679,66.6692987489578,58.74125449346056,1.7555801094206631,2.4709375274894976,-32.430794291581364,1525816.75,1.2346338444639569,1.0,0.7,0.9,0.8,0.5,0.8049999999999999,HOLD
NPK,48500.0,47218.96,49091.88,True,False,False,False,52.713851498046026,248.46157011159812,373.70328832165757,-125.24171821005945,0.5081020378001584,3.1914893617021267,-0.8179959100204526,-1.424767789272574,13.053613053613056,23.27959073826328,28.520882278327477,0.2945338435125721,0.4525592547217829,-21.893864312100188,2751.45,1.944065856184921,0.7,0.3,0.9,0.5,0.5,0.57,HOLD
NPN,86842.0,89988.8,106610.286015625,False,False,False,False,43.319298848599416,-1031.1098765303323,-534.528524950046,-496.5813515802863,0.21311316577900188,-5.165334381688725,-4.157423655486758,-29.105157805748938,-18.2253152777037,37.05975385509664,29.460956180586763,-0.8897697114359658,-1.4490951912433487,-35.32663893012895,1670936.45,0.9631108352445121,0.3,0.3,0.9,0.2,0.2,0.36,HOLD
NRL,480.0,223.39200010299683,114.01150007247925,True,True,False,False,,70.53811522218723,87.51287269074372,-16.97475746855649,0.5,0.0,9899.999602635717,0.0,11657.445281664874,0.0,19684.307717575673,1.9971203299461544,,-98.99999996026358,730.0,0.273972602739726,1.0,0.9,0.4,0.8,0.2,0.735,BUY
NRP,14176.0,13949.33841796875,14238.084794921875,True,False,False,False,39.73451327433629,13.856748935679207,29.49256054826224,-15.635811612583034,0.44296183243748677,-0.09866102889358741,-4.504639275393751,-0.8651289389044692,1.806533120942766,11.351040397138496,15.54439031128675,-0.25758825514120487,-0.3331911765357425,-13.379955874084537,1421053.45,1.1041013270823838,0.5,0.3,0.9,0.2,0.8,0.51,HOLD
NTC,1665.0,1680.08,1537.0988677978517,False,True,False,False,34.8936170212766,-3.3696849217019462,7.925040126556799,-11.294725048258744,0.06446969612592246,-4.911479154768705,7.41935483870968,15.020096523014391,17.566431548399166,14.86331738234575,21.64583275088917,0.5253839086109355,0.84634545635349,-11.839648114501355,2355424.65,0.6853630405880315,0.8,0.7,0.9,0.5,0.8,0.745,HOLD
NTU,100.0,118.04,113.885,False,False,False,False,44.18604651162791,-3.743506404636861,-3.325086242623293,-0.4184201620135677,0.09438537301971679,-19.354838709677423,-29.078014184397162,3.092783505154628,-49.494949494949495,67.15580395083911,55.120791485248624,-1.1267703760046885,-1.7240898590447957,-56.28140703517588,1048511.85,2.9128845801790413,0.3,0.3,0.9,0.2,0.2,0.36,SELL
NVS,541.0,541.94,599.545,False,False,False,False,50.0,1.5956349026009775,2.157357473950266,-0.5617225713492884,0.3739043588365181,0.0,2.075471698113218,-23.587570621468924,-20.383406646668522,26.292751110644865,52.4338410445156,-0.3274154854942944,-0.386876128201376,-34.56791128880191,156952.75,14.561649923304945,0.3,0.3,0.9,0.2,0.5,0.40499999999999997,HOLD
NWL,3050.0,2876.48,2769.814789657593,True,True,False,False,62.42236024844721,55.92495878158843,52.665671703016265,3.2592870785721644,0.7656612792757173,8.92857142857142,9.31899641577061,15.158876717927772,17.1481887829259,31.5954076146569,9900.887319144636,0.9917102422841244,43.83009921852819,-99.09500002910974,16532.4,0.0,0.8,0.9,0.7,0.5,0.2,0.6749999999999999,HOLD
NY1,4646.0,4847.36,4815.547160644532,False,False,False,False,47.70206022187005,-56.00613825401615,-64.97433905098873,8.968200796972582,0.34089494787555474,-2.742306887167678,-11.403508771929827,-3.6623172154737538,24.339734025575545,19.046675996532244,28.3234383244228,0.58580439870323,0.7927297699062189,-18.726790450928384,399606.8,0.1907099678984442,0.8,0.3,0.9,0.5,0.8,0.645,SELL
OAO,15.0,24.82,22.125400000214576,False,False,False,False,0.0,-2.4275074860640053,-1.0868906422548656,-1.3406168438091397,-0.03929293005450769,-40.0,-16.666666666666664,0.0,-45.833319845019616,107.73250059677157,9903.502583521706,1.0119883572377593,34.26487584249646,-99.43749997764826,9389.1,0.9353399154338541,0.3,0.3,0.8,0.8,0.2,0.43499999999999994,SELL
OAS,2870.0,2613.8479999923707,2131.0574830913542,True,True,False,False,100.0,62.276235246668875,71.78450410648307,-9.508268859814194,0.7521949216253424,2.573266619013581,18.840579710144922,33.526414627350576,14320.257388061646,43.106247405485,27618.222399969243,2.8400941866339022,100.44413137651215,-99.13719186786244,894.3,5.2599798725259985,1.0,0.9,0.4,1.0,0.2,0.765,BUY
OCE,5320.0,5487.0,5347.372084960937,False,False,False,False,43.953804347826086,-14.032022638591116,14.203717751211164,-28.23574038980228,-0.02734109270352272,-4.710728998746195,-2.259783207789823,-1.26890859941593,-8.007498977519612,32.93971376603834,31.716526551783993,-0.29642810152067095,-0.41265150275407747,-18.533459026113277,16031.55,0.4648957836266612,0.5,0.3,0.9,0.2,0.8,0.51,HOLD
OCT,1682.0,1602.22,1365.6745300292969,True,True,False,False,47.77777777777777,15.900287219919619,21.240759574434186,-5.340472354514567,0.5471300646482656,-1.3489736070381286,18.200983836964156,28.75599653659071,64.11874818061973,14.150798797130035,26.60685267787129,1.6717417443312368,2.3987227760803944,-7.7986866220087085,226419.85,0.15806034674080033,1.0,0.9,0.9,0.8,1.0,0.93,BUY
OMN,9727.0,9277.46,8199.082060546874,True,True,False,False,66.04068857589985,110.92853057920729,95.5996003371472,15.328930242060096,0.8722834008120458,4.143468950749463,13.104651162790692,26.32467532467533,36.19344013326666,17.654913618595987,19.61364030539631,1.229297811304607,1.8507363622744841,-13.687156166621254,404069.9,1.4767073716700996,0.9,0.9,0.7,0.8,0.8,0.84,BUY
OMU,1279.0,1386.36361328125,1405.4326361083984,False,False,False,False,31.42857142857143,-28.271546964140043,-24.395096100837513,-3.87645086330253,0.007216866602821396,-4.836309523809524,-20.378690246124187,-3.578420627080836,9.671733253279502,18.25277397365029,24.795375907188447,0.15285328479332394,0.225015015515278,-23.88373709500817,15169265.5,0.749692593883336,0.7,0.3,0.9,0.5,0.5,0.57,SELL
ORN,33.0,33.64,25.925,False,True,False,False,50.0,-0.3569341821098746,-0.6013493453407048,0.24441516323083023,0.7467350087784781,0.0,-15.384615384615385,64.99999999999999,106.25,53.96349293243713,88.57578113970075,1.2250661288455469,2.2336637426933046,-36.17021276595745,6155189.95,0.4828690948847159,1.0,0.7,0.9,0.8,0.2,0.76,HOLD
OUT,6975.0,7129.856337890625,7261.055593261719,False,False,False,False,33.720930232558146,-52.89582900264668,-32.96740656405091,-19.928422438595767,0.14024365235082298,-3.0980828007779904,-5.723990165062876,-3.037879018766254,-6.9583372033388375,17.449957863323146,22.347796445272497,-0.5836342530459466,-0.9728944686937764,-17.656211599072748,1783046.25,0.730758946942627,0.5,0.3,0.9,0.2,0.8,0.51,HOLD
PAN,3087.0,3322.325390625,2539.538077392578,False,True,False,False,42.439737034331635,-14.10773576034353,-0.42309972509872296,-13.684636035244807,0.13957539487404927,-13.335204941044354,-0.9272881856729476,45.712161037648215,181.46224066777972,57.545055327491745,47.95468394961927,2.2920866878488915,3.360292157021032,-26.305130739545568,6432352.2,1.761501647873075,1.0,0.7,0.9,1.0,0.5,0.835,HOLD
PHP,2015.0,2137.8538134765627,2182.5981860351562,False,False,False,False,39.39393939393939,-19.16459113560404,-11.10178241262203,-8.06280872298201,-0.04305753336376891,-5.487804878048785,-10.918761442842694,-9.436671924099837,-15.687629154854655,34.473480322230145,49.45157222482578,-0.3517380652153364,-0.43879653760798,-28.03388827614819,62095.85,0.8639224682486834,0.3,0.3,0.9,0.2,0.5,0.40499999999999997,SELL
PIK,2250.0,1941.5,2422.675,True,False,False,False,64.1025641025641,44.19771242368688,17.45159427188696,26.74611815179992,1.0823740376184363,14.155251141552515,9.329446064139946,-16.512059369202227,-15.413533834586469,53.36603576682489,34.84252308802006,-0.5435456933124934,-0.8827810543649796,-44.24969249692497,3280436.05,1.6142613113887712,0.3,0.3,0.7,0.2,0.2,0.32999999999999996,HOLD
PMR,17664.0,17508.18,16533.605771484374,True,True,False,False,53.125,103.12192756662989,121.24840798837245,-18.126480421742556,0.4236673182172421,1.9508253491862027,-5.19536281665951,4.264651460390478,34.17062190024191,19.911427317028746,26.334712453705976,0.9635913133022176,1.632604108842129,-10.28236547682472,215153.2,0.2548463141612581,0.9,0.9,0.9,0.5,0.8,0.825,BUY
PMV,275.0,272.64,275.8622029519081,True,False,False,False,67.12328767123287,1.9059951700943998,-0.7573579502571983,2.663353120351598,0.7931240149364706,10.000000000000009,-14.0625,-7.3965314599710785,12.25807697374588,49.28407939142384,13974.581040552363,1.4046213024738632,50.81616704043543,-99.01000004222094,9882.0,1.2649261283141064,0.7,0.3,0.7,0.8,0.2,0.54,HOLD
PPC,668.0,613.34,563.955,True,True,False,False,72.36842105263158,18.068997724680685,13.66128389069806,4.4077138339826245,0.7680447749183038,10.413223140495864,7.223113964687,25.563909774436098,41.27269201018577,36.981601337924594,32.95154193396482,0.8935604891177105,1.465162946588253,-14.22087745839637,2497472.5,0.7833011174297214,0.9,0.9,0.4,0.5,0.8,0.7499999999999999,HOLD
PPE,185.0,193.64,207.02,False,False,False,False,40.74074074074074,-2.473454412055588,-2.4033887431320182,-0.07006566892356991,0.17553918157234816,-5.128205128205132,-13.953488372093027,-18.85964912280702,56.779661016949156,22.510700261555915,49.07987102307017,0.9281906646165997,1.8546414920608005,-28.846153846153843,602075.25,1.0000759871793434,1.0,0.3,0.9,0.5,0.5,0.6599999999999999,SELL
PPH,2188.0,2300.8,2530.2546643066407,False,False,False,False,37.845303867403324,-36.769671581571856,-35.00161735687316,-1.7680542246986946,0.24894185031662433,-4.035087719298247,-16.552250190694128,-16.757888522486443,-21.109044902551,24.02305949566033,26.610701460030505,-1.022504910735176,-1.6454337418418494,-25.816015547128885,11440408.45,0.8037544323865465,0.3,0.3,0.9,0.2,0.5,0.40499999999999997,SELL
PPR,580.0,319.9701440620422,255.19609501361847,True,True,False,False,87.2750408994482,103.37333183600197,88.76011401533864,14.613217820663323,0.6990892055626715,-1.0238907849829393,9568.059682226489,30.35586086066897,19610.934379269514,35161.56220568668,27617.721336342565,2.8419481414960783,104.74810472855174,-99.2147651154789,1495.3,10.700193941015181,1.0,0.9,0.4,1.0,0.2,0.765,BUY
PRX,76300.0,80921.24,100180.9230078125,False,False,False,False,39.46190788037546,-1356.5952854503266,-900.9703432773592,-455.6249421729674,0.16287499924913154,-6.743097400295783,-7.333187592606083,-37.020222864217914,-18.15223028132824,33.96088533398125,27.1934419022195,-1.0096818776481857,-1.5441263873459399,-40.339521013818775,1338984.65,0.9935371551869546,0.3,0.3,0.9,0.2,0.2,0.36,HOLD
PWR,5400.0,5332.22,7581.155,True,False,False,False,35.31444367657221,15.3140454769582,7.481913924282401,7.832131552675798,0.43643721432948374,5.448154657293491,-16.214119472459267,-44.45587327710348,-49.376581981813075,58.49180130902567,66.43038554102893,-0.8088160705528473,-0.9618810617230096,-57.80444361113716,2238.05,0.5701391836643506,0.3,0.3,0.9,0.2,0.2,0.36,HOLD
QFH,951.0,1078.76,882.3960482788086,False,True,False,False,48.35526315789474,-12.600980985052729,0.027836111459202062,-12.62881709651193,0.1107513616207495,-4.8048048048048075,0.10526315789474161,17.600080970333742,15.45929968807609,74.0162200181397,83.66960385347252,0.5163540121032287,0.4577096311395435,-34.634633251918174,1413.55,0.0,0.8,0.7,0.9,0.5,0.5,0.7,HOLD
QLT,3993.0,4027.177646484375,4028.510692138672,False,False,False,True,33.33333333333333,-0.18245788582635214,19.601361164344638,-19.78381905017099,0.13082653081627635,-1.5775203352230704,1.1627138848004037,-2.777413188004685,9.886827907375494,26.507198191545562,24.694139627506992,0.08711073949406448,0.141644321582895,-11.460985762118483,1650082.5,0.6009257112901931,0.7,0.2,0.9,0.5,0.8,0.5900000000000001,HOLD
RBO,600.0,672.215908203125,540.17963180542,False,True,False,False,27.044025157232696,-19.056663748097662,-17.664581108008996,-1.3920826400886668,0.23621336633121987,-14.28571428571429,-14.26780357643076,33.361198313531084,62.71271276656054,27.56546219380846,35.6602793027006,1.3881875882922914,2.4106205385744515,-22.352201608467794,63251.05,0.7511021556163889,1.0,0.7,0.8,0.8,0.5,0.7899999999999999,HOLD
RBX,5000.0,5041.26,4629.19412475586,False,True,False,False,43.741765480895914,27.468516288083265,42.508878651237474,-15.040362363154209,-0.07239805482873785,-1.9607843137254943,-4.816295450218922,20.680615098724164,18.505515829976062,20.183820224849764,28.645041311418456,0.430933421636695,0.7275580918862412,-21.274112874159172,278016.05,1.0558635014057642,0.8,0.7,0.9,0.5,0.5,0.7,HOLD
RCL,858.0,872.9583850097656,942.5505084228515,False,False,False,False,36.79937593962871,3.618509317944813,5.657964833957816,-2.0394555160130032,0.1811646237386518,-0.7927351979043373,-4.6507919443239505,-11.348879540939205,-9.634280865507005,48.415485498746925,45.72389276112864,-0.17332845349236697,-0.27339806796627264,-27.7843414371237,45320.65,0.8492155341990902,0.5,0.3,0.9,0.2,0.5,0.465,HOLD
RDF,622.0,623.14,580.7354342651367,False,True,False,False,43.08943089430894,-1.1689812186808695,-0.19636607822013846,-0.972615140460731,0.2843118652689302,-2.8124999999999956,-8.259587020648972,10.331471387551261,41.48781424792851,23.734070076491225,23.154556269910444,1.2494510633762679,2.112227360236838,-15.151515151515152,12160527.45,0.9553257494599875,0.9,0.7,0.9,0.8,0.8,0.8200000000000001,HOLD
REM,18700.0,18935.859921875,17943.663310546875,False,True,False,False,36.847946725860155,-136.59202889688822,-19.31653454126306,-117.27549435562517,0.1641942283116937,-5.675917015613752,-0.35360814356141246,6.229110664051762,17.142030062180314,17.29902913322749,20.970469268161885,0.4938172684023738,0.8636226440054853,-8.707524744846976,1218956.9,0.9541731951310174,0.8,0.7,0.9,0.5,1.0,0.775,HOLD
RES,8369.0,8199.927626953126,7561.244709472656,True,True,False,False,57.142857142857146,40.00637972397453,36.536898794204554,3.469480929769979,0.644409807697055,0.8677835362179032,-2.7245418072994187,15.644782109492073,40.513583317265,13.814710591352828,18.313319471652154,1.4992738606452725,2.2810260733720766,-11.876968408955328,734862.75,0.787040845382352,0.9,0.9,0.9,0.8,0.8,0.87,BUY
RHB,170.0,165.76960000038147,137.14615000128745,True,True,False,False,29.411764705882362,2.012778604790526,1.310166214584123,0.702612390206403,0.5629311506240883,-2.298850574712641,-8.108108108108103,7455.555555555556,-5.555555555555558,26.652421852287578,21965.38484332182,2.2323445925169683,90.12026643632569,-99.22666666242812,1712.65,0.0,0.5,0.9,0.8,1.0,0.2,0.675,HOLD
RLO,6101.0,6678.54,6069.04509765625,False,True,False,False,30.264550264550266,32.35471713491279,96.35726728057514,-64.00255014566235,-0.40196125396054994,-10.634246374688738,-3.0201875695437974,4.949123204294037,-1.2010133522979083,53.176392448148505,27.63520144267762,-0.18044447705718836,-0.21242706268041148,-15.018846130868466,263524.2,5.934225395618315,0.5,0.7,0.9,0.2,0.8,0.61,HOLD
RMH,48.0,47.5,44.47,True,True,False,False,57.14285714285714,0.2865662709503667,0.2582846262606756,0.028281644689691077,0.5390184045973325,2.127659574468077,2.127659574468077,9.090909090909083,17.07317073170731,22.639783640403323,28.570264770947855,0.4142423979785144,0.7605295402271472,-13.636363636363635,2096925.75,8.70895929433839,0.8,0.9,0.9,0.5,0.8,0.7949999999999999,BUY
RNG,101.0,105.4,91.98,False,True,False,False,50.76923076923077,1.818533610751345,1.593701371252033,0.22483223949931208,0.358893053112789,8.602150537634401,2.020202020202011,50.74626865671641,32.89473684210527,120.11003367806543,190.68049845577715,0.8140818663086244,1.040464952035072,-73.33333333333333,6445.15,2.354793914804155,0.9,0.7,0.9,0.5,0.2,0.685,HOLD
RNI,57142.0,55632.1,54786.4325,True,True,False,False,54.69572849619661,329.52612383554515,344.71329324895885,-15.187169413413699,0.7032993684331857,1.3551385292135176,4.911230653423182,1.3353668268633934,18.675811655926644,16.68061812535685,25.61491449630137,0.4682270327360443,0.7990402781833793,-16.13220918044291,222002.4,1.2088382828293749,0.8,0.9,0.9,0.5,0.8,0.7949999999999999,BUY
S32,4925.0,5099.34755859375,4148.027535400391,False,True,False,False,42.01266713581985,1.557623938877441,-2.6645411080708747,4.222165046948316,0.19948190064247542,-9.433615299742549,-3.45744739400482,37.93338284206029,44.425339957410095,37.30105247411743,33.63989722900431,0.964137908655197,1.53581412047571,-19.725380759696183,2613635.05,0.8770000233965336,0.9,0.7,0.9,0.5,0.8,0.775,HOLD
SAC,339.0,344.1090606689453,341.17299453735353,False,False,False,False,44.444444444444436,-2.48596549869211,-2.772902879281519,0.2869373805894089,0.3871572401035724,-6.353591160220995,-12.82239994650849,4.0248123342473185,16.581540420702456,31.39329354755188,25.331319461876628,0.36209900653504856,0.5512256444337597,-20.351752299126755,2145462.6,1.2179648342506646,0.8,0.3,0.9,0.5,0.5,0.6,SELL
SAP,1486.0,1660.6,2175.05,False,False,False,False,43.261455525606465,-54.819276777156574,-48.31834691383896,-6.500929863317616,0.23208481834723388,-17.122141662018965,-13.403263403263399,-33.093201260693384,-55.388772140498354,67.57905565641667,49.673626663167084,-1.5194527397195765,-2.2093884083927016,-59.02114103677961,2674335.35,1.5483989320935385,0.3,0.3,0.9,0.2,0.2,0.36,SELL
SBK,30592.0,30850.273671875,27867.784697265626,False,True,False,False,42.346133613887424,-230.03879833348765,-116.2129730742208,-113.82582525926685,0.2911517341578708,-4.837154322331793,-2.475643978379538,16.83039446760326,30.657297019360065,24.94290320653284,22.08061722416482,1.0219113385278393,1.5311989086751092,-10.258616012957926,2617144.75,1.0461060665444661,0.9,0.7,0.9,0.8,0.8,0.8200000000000001,HOLD
SBP,15700.0,14576.13853515625,12639.544799804688,True,True,False,False,60.8359133126935,244.72909799192348,267.75243628813934,-23.023338296215854,0.8104396737684995,10.175438596491237,8.208246490373261,25.819505889532746,53.93679311305968,46.464618821543915,36.53298608874763,1.1423311077912146,1.6865702394956468,-17.27273098564613,5405.05,0.03052700715072016,1.0,0.9,0.7,0.8,0.8,0.87,HOLD
SCD,199400.0,199399.859375,199399.519375,True,True,False,False,,0.03709098053514026,0.04739508684485082,-0.010304106309710556,0.5,0.0,0.00014104834338279915,0.000289933137498366,0.0005955401564783358,0.0,0.0002961927920724621,-27007.42447242222,,0.0,0.0,,0.5,0.9,0.4,0.2,1.0,0.615,HOLD
SDL,1841.0,1864.54,1515.085,False,True,False,False,43.381294964028775,1.6253017926428583,11.755719928928361,-10.130418136285503,0.3086246325769369,-0.540248514316588,-23.60995850622407,63.64444444444444,427.50716332378227,115.18596670484398,119.94246284985944,1.8845565194847513,2.7604996023638457,-49.36708860759494,8983.6,0.0,1.0,0.7,0.9,0.8,0.2,0.76,HOLD
SDO,1192.0,1162.9005224609375,1130.4072360229493,True,True,False,False,62.0,2.190697767328402,3.607006094207455,-1.416308326879053,0.5440680242096544,-1.2277066362351374,-0.5686756723952358,8.380137778434849,54.82877070982568,13.898090604573573,38.23904670565945,1.1819525615219022,1.9485961739659292,-24.28570793210775,289874.8,0.30131974217834734,1.0,0.9,0.7,0.8,0.5,0.825,HOLD
SEA,1300.0,1266.78,1158.0047900390625,True,True,False,False,48.63013698630137,4.96420878272329,7.978683971372009,-3.014475188648719,0.5660874022157303,-0.23023791250958991,6.1224489795918435,18.39708561020037,34.12239726657103,22.06368564558754,27.050123000837218,0.8973304066642223,1.2371604049178033,-13.037037037037036,619839.1,0.04139622685951887,0.9,0.9,0.9,0.5,0.8,0.825,BUY
SEP,203.0,202.18,178.63,True,True,False,False,63.15789473684211,-1.193490595570978,-1.279090704321526,0.08560010875054802,0.5,-0.9756097560975618,4.10256410256411,30.12820512820513,37.16216216216217,88.33602272830372,75.0931829907339,0.8355815870935026,1.134379470787022,-26.486486486486488,10633.95,0.056423060104664774,0.9,0.9,0.7,0.5,0.5,0.7499999999999999,HOLD
SHC,2857.0,3015.189140625,3230.9160595703124,False,False,False,False,35.05747126436782,-42.70393263684855,-23.777328549409262,-18.926604087439287,0.08466131380996585,-8.06207417730157,-12.482978626659358,-13.463634754923726,-16.095393204974652,29.447378127831676,22.76055841755401,-1.0250512697219267,-1.4559158481970824,-26.269588083900008,134294.6,1.4423066899190287,0.3,0.3,0.9,0.2,0.5,0.40499999999999997,SELL
SHG,822.0,879.7005834960937,871.7480352783203,False,False,False,False,38.46153846153846,-13.027222753931483,-15.389309502502238,2.3620867485707553,0.13951527274281408,-3.74707259953162,-14.7458469798617,2.199075312473031,22.791424361222635,17.11335166995294,32.87770942656535,0.5890628020048286,0.9848051296925738,-17.829831370282083,41965.85,5.250769375575617,0.8,0.3,0.9,0.5,0.8,0.645,SELL
SHP,29297.0,27604.1477734375,27492.50759765625,True,True,False,False,63.471177944862156,341.53140929051006,311.2777070834437,30.25370220706634,0.9720126404877543,1.6409936164307526,9.537978809457236,6.125945489701934,4.20088956614546,14.928025891999145,20.67169305829241,-0.07251566653906627,-0.13500717372072543,-13.253623556531705,1277930.2,1.1494172373420708,0.5,0.9,0.7,0.2,0.8,0.63,HOLD
SKA,64.0,76.38,101.95,False,False,False,False,31.707317073170742,-5.021624481527482,-4.369121314736402,-0.6525031667910799,0.32872478706314123,-19.999999999999996,-20.98765432098766,-55.86206896551724,,145.94609581575472,,,-0.42174577893220266,-70.85714285714285,1340.7,0.0,0.3,0.3,0.9,0.2,0.2,0.36,SELL
SLM,8560.0,8911.6721875,9251.457529296875,False,False,False,False,46.61319073083779,-98.52235924326851,-118.354090332477,19.83173108920849,0.2930377217008709,-3.992821893225662,-16.36065650106049,-7.067400053434891,-2.9499304352562983,17.43479740547389,22.659519911051447,-0.31287392238120576,-0.48788916557391077,-20.52923469569645,4382016.35,1.2488013651523688,0.5,0.3,0.9,0.2,0.5,0.465,SELL
SNT,38300.0,40332.012734375,41693.93728515625,False,False,False,False,29.208720226079933,-449.6820412165107,-327.28451599570195,-122.39752522080875,-0.11771821733647404,-5.9384056191365,-15.159810421356735,-12.296975208116677,-9.087714388847889,16.336331800395463,18.615878684592403,-0.8299423950736541,-1.1733037374999629,-15.186105635027253,71740.9,0.5325971656335508,0.5,0.3,0.8,0.2,0.8,0.495,SELL
SNV,768.0,737.08,755.65,True,True,False,False,45.6,10.66714907634514,16.263894617121334,-5.596745540776194,0.34712202090424904,1.7218543046357615,14.626865671641799,8.628005657708627,6.666666666666665,41.056655372545215,46.098352038586,0.19580788431760734,0.25595534742823484,-34.35897435897436,33342.95,0.43913331004005346,0.7,0.9,0.9,0.5,0.5,0.72,BUY
SOH,95.0,97.74,105.69500000178815,False,False,False,False,0.0,-1.5742813399623117,-1.4084337478489721,-0.16584759211333955,0.23061283541338584,0.0,-40.993788819875775,10226.086769200907,-34.48275862068966,26.43735081292261,17082.13712900315,1.7198409643393182,80.3368902509791,-99.47428570474897,23347.75,0.22700260196378666,0.3,0.3,0.8,0.8,0.2,0.43499999999999994,SELL
SOL,22472.0,20423.7,13434.535,True,True,False,False,58.105625717566014,478.3361356794958,611.2889702941848,-132.95283461468898,0.6775512578304577,4.764568764568766,77.91148760984879,93.05841924398625,237.01259748050393,68.08008452740644,66.00647165032063,1.9772490021405191,3.041640117458269,-27.125187111006067,3697593.25,0.6999769377013006,1.0,0.9,0.9,0.8,0.5,0.855,BUY
SOLBE1,10000.0,8216.82,6874.525,True,True,False,False,100.0,596.8594866358053,541.94890199022,54.910584645585345,0.7050695240774885,26.582278481012665,61.31634134537829,53.846153846153854,100.0,134.14267161083174,96.02121178023957,1.0460155284624706,1.0479121248046164,-41.17647058823529,281.45,0.0,1.0,0.9,0.4,0.8,0.2,0.735,BUY
SPG,1633.0,1651.92,1638.975,False,False,False,False,52.11267605633803,-17.197028375260288,-20.274902676421313,3.0778743011610246,0.5302106349314326,-5.606936416184971,-1.9219219219219208,-5.113306217315516,-46.16072574864663,27.40235770650361,65.76834455613742,-0.5603275367891272,-0.44612753264323995,-59.11775868237711,567824.2,1.1851220853214781,0.3,0.3,0.9,0.2,0.2,0.36,HOLD
SPP,6180.0,6369.84,9082.12,False,False,False,False,40.43478260869565,-96.55874529088487,-82.67412949108844,-13.884615799796435,0.1829380269111562,-2.9522613065326664,-31.945820944829862,-41.482814127450055,-47.18400136740449,26.10384922380066,30.626578835867218,-2.2061978204610035,-2.622388328007844,-48.942291419868,688619.85,0.8960052487595297,0.3,0.3,0.9,0.2,0.2,0.36,SELL
SRE,2190.0,2206.7,2258.5934790039064,False,False,False,False,39.285714285714285,6.180919146458564,15.765260833546769,-9.584341687088205,0.05622872687927081,-2.1010281627179217,-2.0134228187919434,-6.542700664487578,-0.2881894353661374,25.95821909101505,21.09480520850841,-0.32878292365475703,-0.5227979901335246,-18.827798411936033,811560.6,1.0760157651813063,0.5,0.3,0.9,0.2,0.8,0.51,HOLD
SRI,1772.0,1832.0936938476561,1847.089818725586,False,False,False,False,43.034625308968856,-9.19408911779874,3.328700490771066,-12.522789608569806,0.130824120448574,-3.152673424659036,-5.2749291416374415,-4.697845755489016,-4.730901436135215,38.54517788209995,44.57292453298511,-0.22926830083317887,-0.35617297835462686,-25.049573125837636,24366.05,0.5618883651638242,0.5,0.3,0.9,0.2,0.5,0.465,HOLD
SSK,720.0,571.98,473.65,True,True,False,False,70.85714285714286,34.27170023980261,30.90283142639166,3.368868813410952,1.0655677063897306,23.71134020618557,67.44186046511629,51.578947368421055,118.18181818181816,44.50154888454277,57.063779571221055,1.5129129756358408,2.7007125659917874,-19.955654101995567,476013.4,2.3566479431041225,1.0,0.9,0.4,0.8,0.8,0.825,BUY
SSS,1771.0,1738.6,1721.8759521484376,True,True,False,False,50.23041474654379,-0.14863863791833865,-1.8641655240068595,1.7155268860885209,0.6316956495341155,-1.720310765815758,-2.2087244616234125,0.3718899000005438,13.74563762372496,18.029126654749426,18.7291705941199,0.41593377895584455,0.6426422080080697,-12.611198325484041,560379.3,0.875317842754006,0.7,0.9,0.9,0.5,0.8,0.765,BUY
SSU,1020.0,1012.1,969.53,True,True,False,False,56.92307692307692,1.9812467567122667,1.98455804819812,-0.003311291485853296,0.4767877320278137,-1.8286814244465877,-3.2258064516129004,11.232279171210479,20.316255230279157,22.119387289472893,26.622807881796216,0.47425063247687044,0.7522603307377728,-14.968999114260406,1140593.45,0.3345819669576395,0.8,0.9,0.9,0.5,0.8,0.7949999999999999,BUY
SSW,5089.0,5334.06673828125,5286.176889648437,False,False,False,False,45.31958762886598,0.9406905689165797,-16.15359361275631,17.09428418167289,0.28711201716584916,-7.287301876480234,-26.025608439816317,4.607025289508604,139.65055437001914,66.98349508016221,64.20030525667673,1.5735806840565825,2.2764898276456917,-43.75446937448001,8538374.6,0.8309259469595068,1.0,0.3,0.9,0.8,0.2,0.66,SELL
SUI,4719.0,4489.390600585937,4255.967900390625,True,True,False,False,63.738508682328906,80.84248365775966,91.18601594374749,-10.343532285987834,0.521028389431724,-0.06353240152477957,9.900768184321485,19.40419917527254,17.17006368905507,25.339263095153214,28.431071129851915,0.35706233392546816,0.615723809041989,-23.34209390521057,428137.1,0.39612778243230967,0.8,0.9,0.7,0.5,0.5,0.7199999999999999,HOLD
SUR,4200.0,4089.84880859375,3805.8000366210936,True,True,False,False,52.631578947368425,61.06113378780901,62.46725455809933,-1.4061207702903147,0.5021385839570146,5.026256564141041,11.144728291027706,14.788815190087611,25.476539814031685,27.210283204053688,33.69561811522942,0.5583384329571579,1.0033781810868962,-11.850109842824644,32649.95,4.1537582752806665,0.8,0.9,0.9,0.5,0.8,0.7949999999999999,BUY
SYG,3200.0,3024.44,3214.726925048828,True,False,False,False,66.5016501650165,49.39076086676323,46.999044311419816,2.3917165553434145,0.6883555833269039,3.2258064516129004,-5.854663136216532,-3.7537307985858526,27.173681552529526,25.83936067632654,35.306666379031746,0.7458452712521842,1.4199639431431754,-30.354706866213455,18608.7,0.0067172881501663196,0.8,0.3,0.7,0.5,0.5,0.57,HOLD
SZK,3400.0,3327.26,3479.08,True,False,False,False,50.0,25.756057370686904,22.030036832540027,3.7260205381468765,0.5857252916961013,13.295568143952007,0.0,-5.318852687273745,-11.678527190734211,79.8223367180676,9901.007439327836,0.9889444584571032,37.18341019766765,-99.0389610866806,310.8,0.0,0.3,0.3,0.9,0.5,0.2,0.405,HOLD
TBS,28613.0,29576.28,32361.955283203126,False,False,False,False,34.03324584426947,-421.65877652378185,-364.7951889273042,-56.86358759647766,0.22933052970614906,-4.559706470980651,-17.336915698850174,-15.13255324803946,-8.069973180641387,15.7793219297325,25.275842993558793,-0.4637394089685077,-0.5475594038317197,-26.670466064094967,347579.05,0.4193319476533468,0.5,0.3,0.9,0.2,0.5,0.465,SELL
TEX,261.0,304.52,314.2401858520508,False,False,False,False,4.545454545454547,-11.496543750643184,-8.38304236028719,-3.113501390355994,0.03513517589979128,-13.289036544850497,-18.437499999999996,-1.5094339622641506,-25.080003479497638,34.671177413034,79.21629652302488,-0.07248894712878419,-0.06989358194033596,-38.095238095238095,9325.3,0.0,0.3,0.3,0.8,0.2,0.2,0.345,SELL
TFG,5807.0,7056.98,8951.752270507812,False,False,False,False,20.722781335773092,-323.5630659815397,-205.38229288060307,-118.18077310093662,0.020417526256273646,-17.68958185683912,-29.009779951100246,-30.883085385257626,-57.45620750355654,57.34225652762487,37.48191714058085,-2.2915182448079277,-2.59340238283867,-57.96722692758455,2520475.25,1.2460701607762266,0.3,0.3,0.8,0.2,0.2,0.345,SELL
TGA,12923.0,15082.0575,10692.701535644532,False,True,False,False,39.65686274509804,-444.16842593414003,-351.10447955089984,-93.0639463832402,0.14804041862502723,-16.73861220282198,15.832541313832117,62.06388119125934,49.85032691410276,72.70492665374103,53.42951823425815,0.8290122066345844,1.1659240082876703,-27.822369282718228,753648.0,0.2819472751204806,0.9,0.7,0.9,0.5,0.5,0.73,BUY
THA,2893.0,2578.68,2441.073900756836,True,True,False,False,71.93877551020408,60.872413504683664,34.93053142050204,25.94188208418162,1.0332218434939027,11.269230769230765,1.4825702039992006,30.210080381571537,97.92529443107281,42.718874139028955,41.94691789924153,1.6991783886562195,2.81824405686327,-27.569440351101367,29968.55,0.7173186557240842,1.0,0.9,0.4,0.8,0.5,0.7799999999999999,HOLD
TKG,5700.0,5997.72,5595.11,False,True,False,False,43.95509499136442,-28.44259225980204,-17.631952316779984,-10.810639943022057,0.010152385671497444,-3.6185322962461908,-1.0760152724748395,15.806582689963422,50.072149330119075,26.021497523719304,38.039112154432765,1.0546224517238136,1.6316655157047333,-21.428571428571427,908142.7,0.670451901446766,1.0,0.7,0.9,0.8,0.5,0.8049999999999999,HOLD
TLM,1.2999999523162842,104.39219446897506,79.94424084126949,False,False,False,False,0.0,-30.85954773448389,-15.14332642116104,-15.71622131332285,0.18412218795916338,-99.34009485118308,-99.34009485118308,31.317109941995103,-98.79622295276559,365.51520746245984,24015.07315758552,2.447140139287292,80.46124028309443,-99.34010154704758,42.5,0.0,0.3,0.3,0.8,1.0,0.2,0.46499999999999997,SELL
TMT,107.0,109.86,111.895,False,False,False,False,41.66666666666667,-0.4083843768038804,0.5112512669487606,-0.919635643752641,0.2048799359418734,-6.956521739130439,0.9433962264151052,-10.833333333333329,-37.05882352941177,66.04709252374883,68.68285367043528,-0.4583810925203378,-0.4276047029133137,-41.17647058823529,23718.25,0.033729301276443246,0.3,0.3,0.9,0.2,0.2,0.36,HOLD
TPC,4000.0,3767.710347595215,3669.1538527679445,True,True,False,False,95.41305444784633,145.80447151717908,66.59805199952095,79.20641951765813,0.573374197833731,0.0,0.017678906134777073,15.161410131223828,17.6886450067554,35161.725978651244,17081.647481658274,1.721992227539693,67.0517010626662,-99.0131613268619,909.45,2.199131343119468,0.8,0.9,0.4,0.8,0.2,0.6749999999999999,HOLD
TRL,127.0,126.26539999961852,171.82150861501694,True,False,False,False,50.0,0.40696989841543996,-0.7649190007452089,1.1718888991606489,0.5378266118410688,-3.7878787878787845,-15.333333333333332,-30.601092896174865,-37.090391927322685,35162.43091378405,9901.158585595798,0.9858448386531939,51.46216070501463,-99.49169038055408,6003.15,11.648717756511166,0.3,0.3,0.9,0.5,0.2,0.405,HOLD
TRU,5079.0,5299.188046875,5685.156430664062,False,False,False,False,40.25661587810745,-79.86276131835348,-62.3790896374331,-17.48367168092038,0.27760596776928,-4.350282485875711,-11.261992816360266,-6.871443762325658,-33.287348015156304,32.25808288182074,29.9977095447809,-1.4636376721697248,-2.165095883535128,-35.756727533398205,2063645.95,0.588609688595081,0.3,0.3,0.9,0.2,0.2,0.36,SELL
TSG,695.0,692.12,690.2996292114258,True,True,False,False,55.17241379310345,-2.8854434276144048,-2.2002660971389423,-0.6851773304754625,0.6506998008379329,-0.2869440459110528,-6.961178045515393,2.986364722090795,-15.08715831672891,29.101536772275004,32.57088181436424,-0.5670662029942978,-0.9239489787548437,-22.92399448772863,1401547.5,6.739561092292626,0.3,0.9,0.9,0.2,0.5,0.5549999999999999,BUY
UPL,1525.0,1375.6610000228882,1266.4192499637604,True,True,False,False,,44.145765352658145,56.43270024240313,-12.286934889744984,0.37816507069081695,-1.6129032258064502,-10.29411764705882,-14.804469273743015,7249.3975903614455,5.725238499773817,24013.362283292026,2.451551260131628,80.9696267743507,-99.28523808433896,2567.55,0.3232653697104243,1.0,0.9,0.4,1.0,0.2,0.765,HOLD
VAL,135800.0,146469.4128125,127385.091328125,False,True,False,False,43.752503894947694,-720.501648295729,-876.5606522484971,156.0590039527682,0.2287269789828921,-12.843124041306453,-8.778993306834959,25.433508492653267,120.05693978380809,64.59241625204218,59.71778536318397,1.4915203382782227,2.193985791460811,-30.778287532020787,642164.05,1.0515537268085935,1.0,0.7,0.9,0.8,0.5,0.8049999999999999,HOLD
VIS,3.0,3.06,3.19,False,False,False,False,50.0,-0.06952024798153023,-0.037596064679347355,-0.03192418330218287,0.3976381849688133,0.0,0.0,0.0,50.0,214.16914122401377,347.5093828052295,1.4253811777247913,2.650883178029678,-83.33333333333334,289291.8,0.0,0.9,0.3,0.9,0.8,0.2,0.6300000000000001,HOLD
VKE,2349.0,2322.16,2316.0916528320313,True,True,False,False,41.58415841584158,5.300085626532564,9.731096906503236,-4.431011279970672,0.21562421542153443,-1.8386961972419513,-7.154150197628462,1.7136923815138871,19.314293112245352,20.85592068329044,20.42598472773087,0.6524134797945522,1.0861693850492435,-16.084452975047984,2187679.0,1.0965415858542318,0.8,0.9,0.9,0.5,0.8,0.7949999999999999,BUY
VOD,15395.0,14812.96,14299.15498046875,True,True,False,False,61.17911566325256,198.54074603140361,72.28945728555209,126.25128874585153,0.8196168268331875,5.945908746817152,-1.6482463425541383,10.376364661650461,16.791885922605587,34.38232632905317,22.941036336084487,0.45765194106984675,0.7218024945254932,-13.837053299182827,1966875.7,0.9313811747229375,0.8,0.9,0.7,0.5,0.8,0.7649999999999999,HOLD
VUN,204.0,226.96,220.885,False,False,False,False,47.27272727272727,-2.8404959120014155,-5.509795880373865,2.6692999683724494,0.3163016505812922,-7.272727272727275,-24.1635687732342,2.0000000000000018,13.541397466790063,115.85123671698676,89.67301383005552,0.49392907859764457,0.44114443547733345,-36.05303102153956,2197.05,5.669875514894972,0.7,0.3,0.9,0.5,0.2,0.525,SELL
WBC,3513.0,4063.74,4789.275390625,False,False,False,False,26.881720430107535,-131.19230952509133,-113.55263053238197,-17.639678992709364,-0.03544323114726368,-11.733668341708547,-16.832386363636363,-21.369249846391526,-23.604339202992875,25.65490544799444,32.96506979115739,-0.8841225157999684,-1.055269996034383,-41.64083087358954,1473854.6,0.8185888892974924,0.3,0.3,0.8,0.2,0.2,0.345,SELL
WBO,16792.0,16244.00712890625,16405.996650390625,True,True,False,False,66.31474760805014,256.14120180102327,268.89031830003114,-12.749116499007869,0.5239984400934421,6.298848300888338,-10.161978999804177,12.787713484838958,-11.240045416994537,24.67219858147552,29.803622094699755,-0.522167705928522,-0.575802184191425,-30.422225323014906,189604.5,3.3994868265257416,0.3,0.9,0.7,0.2,0.5,0.5249999999999999,HOLD
WHL,5065.0,5153.458984375,5349.030107421875,False,False,False,False,36.46864686468647,-24.697660391405407,-3.131189990356731,-21.566470401048676,0.16246771385503694,-0.05919494869771613,-6.442014652708439,-4.2674816649383995,-11.955674995004962,22.090945506885966,27.237907157380686,-0.6000974775115279,-0.885012306736195,-18.37884197592013,3283427.65,0.874487366883202,0.3,0.3,0.9,0.2,0.8,0.44999999999999996,HOLD
WVR,6499.0,6498.377490234375,5736.106179199219,True,True,False,False,63.07961504811898,-16.872028681152187,-30.258712340377315,13.386683659225127,0.8130605562298977,-1.5303030303030263,-5.105113754853042,22.64717229981048,109.75828697936892,33.75609741141912,62.22518695071584,1.3576319168432909,1.7227893704641157,-24.916128010982035,3311.65,0.30196427762595685,1.0,0.9,0.7,0.8,0.5,0.825,HOLD
XII,35.0,36.14,22.64,False,True,False,False,50.0,-0.9431750458356873,-1.072059147589405,0.12888410175371767,0.7204076801169754,0.0,-12.5,75.0,250.0,46.257054684477126,316.1922545003699,1.4126663096316385,1.4396475796399015,-76.66666666666667,2896.75,0.0172607232243031,1.0,0.7,0.9,0.8,0.2,0.76,HOLD
YRK,191.0,194.98,212.29,False,False,False,False,50.68493150684931,0.5882024303879518,1.1662764332464266,-0.5780740028584748,0.3628322142975282,3.2432432432432323,-13.181818181818183,-15.111111111111109,-6.372549019607843,59.36890014903895,54.46393290899264,0.0017794698972003616,0.001953102960122807,-27.710843373493976,62295.95,1.6052407901316217e-05,0.5,0.3,0.9,0.5,0.5,0.51,SELL
YYLBEE,5400.0,4588.78,4406.707603759765,True,True,False,False,80.7017543859649,242.12835616188204,124.86055216783663,117.26780399404541,0.9164411049628031,28.449096098953387,-1.8181818181818188,20.02473165857417,116.11709156484392,42.746687661075775,44.0754253493843,1.7877981876775653,1.9364157365698877,-25.454545454545453,92476.9,0.05465148593865063,1.0,0.9,0.4,0.8,0.5,0.7799999999999999,HOLD
ZED,130.0,128.94,128.395,True,True,False,False,46.666666666666664,-0.3151603207078324,-0.05570444236346882,-0.25945587834436357,0.535849311850724,-1.5151515151515138,4.0000000000000036,3.1746031746031855,-3.703703703703709,22.614342073206643,51.19444142946561,-0.04975155899060566,-0.08666988393343118,-17.857142857142858,162482.55,2.029344074179043,0.5,0.9,0.9,0.2,0.8,0.66,BUY
ZZD,1450.0,1378.06,1325.9926568603516,True,True,False,False,40.0,26.171233941475748,33.12120615369763,-6.94997221222188,0.289599006135307,5.072463768115942,15.170770452740268,20.441442871937877,31.99528975590806,19.24541444628261,28.091402430953472,0.9242105279061159,1.3918926405183112,-16.198195133614835,550904.35,0.007518546549868412,0.9,0.9,0.9,0.5,0.8,0.825,BUY
